mode,run,terminal_error_m,rmse_m
ins,0,3937.9382245573524,1717.619408366404
ins,1,1509.3814331148874,731.8386558534538
ins,2,7900.939662721193,3485.3598923953623
ins,3,2433.644786731443,955.1304969951033
ins,4,3972.9581264605276,1677.733173164773
ins,5,6443.550978068718,2969.7787355468245
ins,6,5061.170119430424,2159.608384045123
ins,7,5377.770394349426,2357.3697475854974
ins,8,5634.780877046545,2362.862292666222
ins,9,5421.534176435831,2391.090423774685
ins,10,3207.148871695056,1469.6442180699473
ins,11,2230.7855112982247,927.7633797977395
ins,12,4133.467260422028,1840.389510552101
ins,13,1438.7241382317147,564.8292022910078
ins,14,2613.535916512719,1094.8800253660813
ins,15,8738.790809173264,3796.6009335796125
ins,16,5228.9324870926175,2399.3052819389286
ins,17,2477.25725722949,1042.6109268978962
ins,18,4951.197015653071,2270.633887771192
ins,19,9359.828782991113,4028.7727817958785
ins,20,6293.245287251844,2808.9232009235384
ins,21,1537.2936410050215,704.7437147113124
ins,22,4495.899999303477,1968.297330353247
ins,23,9338.203908551845,4171.394497389869
ins,24,2494.8466700835493,986.688755690568
ins,25,2503.510644281581,1111.1615221350776
ins,26,5644.787261216873,2604.416586264185
ins,27,3644.063049262893,1570.559898127694
ins,28,2894.8740438666327,1244.234458210159
ins,29,3127.4889847046893,1559.4554712786455
gravity,0,1333.1847675604088,532.8901931321642
gravity,1,1388.1224746013818,842.6232604382648
gravity,2,568.3823942528004,495.4718882505835
gravity,3,2465.145313489218,476.2673497307856
gravity,4,1868.717490285945,1398.327429050905
gravity,5,859.0546163298088,1104.1593572756417
gravity,6,2684.1797987558307,1482.0844957757486
gravity,7,474.6794726552876,1281.1602013021745
gravity,8,694.5109654536625,840.9725063127214
gravity,9,1763.990277127331,675.6190595102086
gravity,10,1356.725455200303,599.7192410532956
gravity,11,3668.4994629164794,1775.279671617635
gravity,12,1080.1047505013366,512.3234055968321
gravity,13,550.3033769679681,489.1633999977923
gravity,14,469.2652244939852,522.9451833544292
gravity,15,2120.0667880985125,2074.8660963283473
gravity,16,4044.056580795101,1580.1670532697322
gravity,17,739.1503770098835,714.2756901255917
gravity,18,680.095276507312,1125.875883842319
gravity,19,472.2656920870318,1071.4739836489384
gravity,20,2454.396411441637,1252.4585770488898
gravity,21,1222.6819088154718,636.8301384969
gravity,22,1005.6252322035893,785.5292906083992
gravity,23,6205.143530132455,2123.4055576785468
gravity,24,1930.8193241908239,871.3973939482047
gravity,25,1389.7723603502884,927.359577895959
gravity,26,2554.6008788160475,704.4446247550544
gravity,27,1064.1530586657555,883.4554139102868
gravity,28,811.679182566854,1036.337444018449
gravity,29,2309.5487532082443,643.5668164802714
magnetic,0,122.06883058662531,290.7626764951863
magnetic,1,191.48792578397772,381.58877076449176
magnetic,2,569.4520103268327,381.0271108568784
magnetic,3,199.74157757443498,344.13280179146244
magnetic,4,758.1948491315434,343.5816984580023
magnetic,5,335.8643278432706,299.8320471196805
magnetic,6,543.1487539943231,354.9776868848819
magnetic,7,411.8756522706697,492.5560782269872
magnetic,8,71.43659980346068,483.31008322603105
magnetic,9,209.81045982173904,328.66500053066244
magnetic,10,289.07060574569675,309.0217560542413
magnetic,11,455.5325471640588,306.67151072200346
magnetic,12,169.60665107525193,327.640835372594
magnetic,13,716.7002999239629,470.92615782821935
magnetic,14,181.18091068528386,417.2149407872145
magnetic,15,409.4800694095625,450.34730197330464
magnetic,16,75.9737010808017,310.0798237557239
magnetic,17,136.21712151566805,410.9439024145939
magnetic,18,91.58757474715625,296.2607632879766
magnetic,19,252.89471481946555,696.0203724398281
magnetic,20,340.54024089824327,433.2045762061215
magnetic,21,461.56857334429554,352.32610697065354
magnetic,22,444.25030640307375,521.8091315553976
magnetic,23,621.7013064433354,424.8865998116907
magnetic,24,72.83073978417248,353.57993473260774
magnetic,25,94.54081304514919,240.88715677701165
magnetic,26,249.4421772390256,411.2318506149596
magnetic,27,78.59295635429422,402.36033374477904
magnetic,28,231.87670524917814,315.6342479410772
magnetic,29,127.73600293193668,479.13810210317024
fused,0,36.472521191671085,245.78432628657745
fused,1,354.360361028863,403.56762481422777
fused,2,386.6553201094904,298.650946257145
fused,3,311.35451815935204,326.68764601244544
fused,4,948.2908211663498,360.924866879161
fused,5,289.51943864251416,405.3587718668499
fused,6,156.80990078375464,291.43825441652166
fused,7,375.60343140354547,395.07653316702186
fused,8,127.08725330726634,355.55868906478855
fused,9,225.35270973647536,302.19158618306557
fused,10,90.01672759482311,321.26551681257973
fused,11,307.7446834017711,375.40584583194874
fused,12,400.2443975991303,233.97008681159335
fused,13,275.44689148333646,406.8304491770466
fused,14,113.70556520876546,370.19171739521823
fused,15,586.2414930249,382.4865762929119
fused,16,108.50717655872096,291.70376101217016
fused,17,213.23798015187566,404.3628305111047
fused,18,295.4665376951549,336.82354710136144
fused,19,239.80507205841985,474.8159908713061
fused,20,221.5503865075363,249.9647285961685
fused,21,282.9031610424718,257.97536101924516
fused,22,437.49617403122727,504.7318262747719
fused,23,423.4728492517894,250.09692823886616
fused,24,67.20503245515916,410.58967638212886
fused,25,349.7297585702366,311.12288910837043
fused,26,57.53009402887827,383.64951348054217
fused,27,115.81002085997135,283.1966768747616
fused,28,110.29873045568034,288.22340191961035
fused,29,154.76672771255556,333.90721428186794
