x_m,y_m,value
0.0,-15000.0,-0.000503651461154441
2500.0,-15000.0,-0.0029011610891284977
5000.0,-15000.0,-0.013315696869727039
7500.0,-15000.0,-0.04923882054320826
10000.0,-15000.0,-0.1475040785277878
12500.0,-15000.0,-0.35885796823806243
15000.0,-15000.0,-0.7097016068969652
17500.0,-15000.0,-1.1412482026589827
20000.0,-15000.0,-1.4921050062560128
22500.0,-15000.0,-1.5853721916111894
25000.0,-15000.0,-1.3670940336878878
27500.0,-15000.0,-0.953183094467948
30000.0,-15000.0,-0.5314724778032441
32500.0,-15000.0,-0.22873369071376537
35000.0,-15000.0,-0.06593243681522898
37500.0,-15000.0,-0.0013570400797393222
40000.0,-15000.0,0.013613277058385265
42500.0,-15000.0,0.01026533218340224
45000.0,-15000.0,0.0035243763194959515
47500.0,-15000.0,-0.0009683437786237479
50000.0,-15000.0,-0.002287426431930366
52500.0,-15000.0,-0.001727230835214465
55000.0,-15000.0,-0.0008242061828000703
0.0,-12500.0,-0.0014910695248862632
2500.0,-12500.0,-0.011424367013251129
5000.0,-12500.0,-0.05790441820083633
7500.0,-12500.0,-0.22194823845100148
10000.0,-12500.0,-0.6731266056577095
12500.0,-12500.0,-1.64395803748697
15000.0,-12500.0,-3.2546582263169097
17500.0,-12500.0,-5.234696432163249
20000.0,-12500.0,-6.842893309849433
22500.0,-12500.0,-7.266557215946315
25000.0,-12500.0,-6.256787446567233
27500.0,-12500.0,-4.344939871343824
30000.0,-12500.0,-2.3948885033664293
32500.0,-12500.0,-0.9934615382841195
35000.0,-12500.0,-0.2437026789232558
37500.0,-12500.0,0.03958608165779751
40000.0,-12500.0,0.07641151277703215
42500.0,-12500.0,0.0151347073987039
45000.0,-12500.0,-0.05834227770176412
47500.0,-12500.0,-0.09600316536712122
50000.0,-12500.0,-0.08722436724796995
52500.0,-12500.0,-0.054054392481327644
55000.0,-12500.0,-0.023971834140372475
0.0,-10000.0,0.010052456794279008
2500.0,-10000.0,-0.001683848658682041
5000.0,-10000.0,-0.1226658977762151
7500.0,-10000.0,-0.6181381324129275
10000.0,-10000.0,-2.024961889822954
12500.0,-10000.0,-5.059816354385334
15000.0,-10000.0,-10.080741330849758
17500.0,-10000.0,-16.236778005761156
20000.0,-10000.0,-21.222553799319353
22500.0,-10000.0,-22.510454777676923
25000.0,-10000.0,-19.32050436019153
27500.0,-10000.0,-13.299944090027473
30000.0,-10000.0,-7.145031928363078
32500.0,-10000.0,-2.714026863700211
35000.0,-10000.0,-0.38005967764443965
37500.0,-10000.0,0.370348975508846
40000.0,-10000.0,0.1701257359552792
42500.0,-10000.0,-0.4914812959154459
45000.0,-10000.0,-1.1637553938400165
47500.0,-10000.0,-1.4414159153751565
50000.0,-10000.0,-1.211715726121691
52500.0,-10000.0,-0.7294305031383647
55000.0,-10000.0,-0.31944768833389475
0.0,-7500.0,0.1784353776809777
2500.0,-7500.0,0.3584557432288843
5000.0,-7500.0,0.3540997464278537
7500.0,-7500.0,-0.5390297615228437
10000.0,-7500.0,-3.560838300213691
12500.0,-7500.0,-10.162687991560773
15000.0,-7500.0,-20.93838397337387
17500.0,-7500.0,-33.9936260742608
20000.0,-7500.0,-44.467259268761495
22500.0,-7500.0,-47.05099064303239
25000.0,-7500.0,-40.08794008906348
27500.0,-7500.0,-27.03363447025698
30000.0,-7500.0,-13.623010414591096
32500.0,-7500.0,-3.9381154083888217
35000.0,-7500.0,0.9659449646223198
37500.0,-7500.0,1.8282077096213583
40000.0,-7500.0,-0.32845928773374794
42500.0,-7500.0,-4.347264471323188
45000.0,-7500.0,-8.247505390183022
47500.0,-7500.0,-9.706051250807821
50000.0,-7500.0,-8.020067447747541
52500.0,-7500.0,-4.794938844390711
55000.0,-7500.0,-2.0935228963108816
0.0,-5000.0,1.2614859558860505
2500.0,-5000.0,2.8285968885196056
5000.0,-5000.0,4.422580218846639
7500.0,-5000.0,4.098906289905118
10000.0,-5000.0,-0.624044166949956
12500.0,-5000.0,-11.46521905134825
15000.0,-5000.0,-28.263912304142508
17500.0,-5000.0,-47.671686977634614
20000.0,-5000.0,-62.72724873698581
22500.0,-5000.0,-66.01151877020527
25000.0,-5000.0,-55.188948415391714
27500.0,-5000.0,-35.18776929796174
30000.0,-5000.0,-14.417464809209521
32500.0,-5000.0,0.7062165052716729
35000.0,-5000.0,7.806863771954543
37500.0,-5000.0,6.954646236979646
40000.0,-5000.0,-1.1604523980765367
42500.0,-5000.0,-14.399755244807249
45000.0,-5000.0,-27.020924539840166
47500.0,-5000.0,-31.685134524615133
50000.0,-5000.0,-26.146318452318177
52500.0,-5000.0,-15.623441945010688
55000.0,-5000.0,-6.819681053739124
0.0,-2500.0,5.070409599600603
2500.0,-2500.0,11.595825333599862
5000.0,-2500.0,19.253030929227155
7500.0,-2500.0,22.561910921497457
10000.0,-2500.0,16.383070259140943
12500.0,-2500.0,0.37751006793136666
15000.0,-2500.0,-21.466354481855284
17500.0,-2500.0,-43.455927304377774
20000.0,-2500.0,-58.7926023507719
22500.0,-2500.0,-60.994730607622294
25000.0,-2500.0,-48.09397004674686
27500.0,-2500.0,-24.967832883779387
30000.0,-2500.0,-0.4076445642743031
32500.0,-2500.0,17.869701628776472
35000.0,-2500.0,25.644766723844683
37500.0,-2500.0,21.444832341562478
40000.0,-2500.0,5.455093370596177
42500.0,-2500.0,-18.7635134781586
45000.0,-2500.0,-41.423478792079855
47500.0,-2500.0,-50.372814434013065
50000.0,-2500.0,-42.0726089364315
52500.0,-2500.0,-25.260837632493242
55000.0,-2500.0,-11.049881172953452
0.0,0.0,12.108614281719536
2500.0,0.0,27.816061850334105
5000.0,0.0,46.78710190603884
7500.0,0.0,57.21371421694178
10000.0,0.0,49.47013128908922
12500.0,0.0,26.34531589569699
15000.0,0.0,-0.8026730715037648
17500.0,0.0,-22.632423074188026
20000.0,0.0,-34.53507209892988
22500.0,0.0,-33.902602527486856
25000.0,0.0,-20.24760357035915
27500.0,0.0,2.8469918137460297
30000.0,0.0,28.186740374306023
32500.0,0.0,47.72301625536023
35000.0,0.0,55.334344509403614
37500.0,0.0,48.37111276805474
40000.0,0.0,28.042344352664472
42500.0,0.0,-0.019041111643955444
45000.0,0.0,-25.37134321628863
47500.0,0.0,-37.123382482234646
50000.0,0.0,-32.70815916218421
52500.0,0.0,-20.04044227733881
55000.0,0.0,-8.84397270045249
0.0,2500.0,17.321011178393604
2500.0,2500.0,39.83742279773192
5000.0,2500.0,67.23573762101171
7500.0,2500.0,83.11053103045172
10000.0,2500.0,74.69878562385043
12500.0,2500.0,47.36992531861165
15000.0,2500.0,18.122922005454537
17500.0,2500.0,-1.1622023698678507
20000.0,2500.0,-8.103228675825605
22500.0,2500.0,-3.6658196953641182
25000.0,2500.0,11.282326730937527
27500.0,2500.0,34.43798418180788
30000.0,2500.0,60.22135498588222
32500.0,2500.0,80.41602915234186
35000.0,2500.0,87.4178333163742
37500.0,2500.0,78.20741401183216
40000.0,2500.0,56.02893209682625
42500.0,2500.0,28.712398342897867
45000.0,2500.0,5.279965651223122
47500.0,2500.0,-7.945393030357331
50000.0,2500.0,-10.530399203558222
52500.0,2500.0,-7.241886909529422
55000.0,2500.0,-3.3452189445241007
0.0,5000.0,14.868531071867965
2500.0,5000.0,34.21239171408859
5000.0,5000.0,57.81539183656034
7500.0,5000.0,71.74747691829225
10000.0,5000.0,65.37213396571977
12500.0,5000.0,43.77009007596607
15000.0,5000.0,21.924616295986723
17500.0,5000.0,9.93942454525583
20000.0,5000.0,9.118432461005611
22500.0,5000.0,17.721849361040977
25000.0,5000.0,34.65985232210964
27500.0,5000.0,58.20218213203219
30000.0,5000.0,83.50779121820361
32500.0,5000.0,102.50714631461018
35000.0,5000.0,107.36839628464722
37500.0,5000.0,95.45789990417029
40000.0,5000.0,71.40925384019103
42500.0,5000.0,44.17699412476534
45000.0,5000.0,21.769823699990457
47500.0,5000.0,7.81536996033294
50000.0,5000.0,1.4847915789429362
52500.0,5000.0,-0.29646811148576646
55000.0,5000.0,-0.35848587449431685
0.0,7500.0,7.664803730595283
2500.0,7500.0,17.646672762685018
5000.0,7500.0,29.865852870845284
7500.0,7500.0,37.229082259375325
10000.0,7500.0,34.44125497507982
12500.0,7500.0,24.44729041403631
15000.0,7500.0,15.417394746459367
17500.0,7500.0,13.01949102457709
20000.0,7500.0,18.246214422659857
22500.0,7500.0,30.268108523897826
25000.0,7500.0,48.21246299408314
27500.0,7500.0,70.2054425744233
30000.0,7500.0,91.77058553287819
32500.0,7500.0,106.03018378516128
35000.0,7500.0,106.78916729745279
37500.0,7500.0,92.71607342262224
40000.0,7500.0,68.8036751228263
42500.0,7500.0,43.33913470527487
45000.0,7500.0,23.013587913414707
47500.0,7500.0,10.219669151890576
50000.0,7500.0,3.760322429043101
52500.0,7500.0,1.1372732647740977
55000.0,7500.0,0.2824296077613915
0.0,10000.0,2.3770328965540606
2500.0,10000.0,5.48432121279393
5000.0,10000.0,9.333205926467462
7500.0,10000.0,11.822188296903898
10000.0,10000.0,11.520563651903686
12500.0,10000.0,9.722631976442651
15000.0,10000.0,9.526923792917685
17500.0,10000.0,13.335537049751002
20000.0,10000.0,21.927122902831865
22500.0,10000.0,35.01649905647021
25000.0,10000.0,51.534253729353374
27500.0,10000.0,69.19464497667576
30000.0,10000.0,84.12104735837309
32500.0,10000.0,91.54854781535221
35000.0,10000.0,88.01603320283694
37500.0,10000.0,73.82899010381134
40000.0,10000.0,53.483420393867085
42500.0,10000.0,33.20571836834147
45000.0,10000.0,17.5721481659688
47500.0,10000.0,7.895632872437594
50000.0,10000.0,3.0046025802106886
52500.0,10000.0,0.9670494367623468
55000.0,10000.0,0.2632911981098709
0.0,12500.0,0.44785188777137447
2500.0,12500.0,1.0450100171214378
5000.0,12500.0,1.8297049447368112
7500.0,12500.0,2.5040605603078356
10000.0,12500.0,3.0088933347123445
12500.0,12500.0,3.9656756709173333
15000.0,12500.0,6.510976924511059
17500.0,12500.0,11.699376634026038
20000.0,12500.0,20.029225734782166
22500.0,12500.0,31.178709131506245
25000.0,12500.0,43.83599252966379
27500.0,12500.0,55.714076094545256
30000.0,12500.0,63.92555756004296
32500.0,12500.0,65.84163588174192
35000.0,12500.0,60.32251903487669
37500.0,12500.0,48.64322414391737
40000.0,12500.0,34.178325556810776
42500.0,12500.0,20.748922531492834
45000.0,12500.0,10.813305544765807
47500.0,12500.0,4.815835547231233
50000.0,12500.0,1.8276194727266128
52500.0,12500.0,0.5901581815639737
55000.0,12500.0,0.1621240968152463
0.0,15000.0,0.054723258505068824
2500.0,15000.0,0.13625937213442513
5000.0,15000.0,0.27565557153014253
7500.0,15000.0,0.5081078053234162
10000.0,15000.0,0.9796445044977724
12500.0,15000.0,2.0398716508308476
15000.0,15000.0,4.222849485002462
17500.0,15000.0,8.070323742320971
20000.0,15000.0,13.83508670867013
22500.0,15000.0,21.165442920389776
25000.0,15000.0,28.952759937072944
27500.0,15000.0,35.51146112673005
30000.0,15000.0,39.090946925905854
32500.0,15000.0,38.539504190634375
35000.0,15000.0,33.8511575631048
37500.0,15000.0,26.290861175048377
40000.0,15000.0,17.904252225235936
42500.0,15000.0,10.606754310501724
45000.0,15000.0,5.429986813778919
47500.0,15000.0,2.390182798806991
50000.0,15000.0,0.9016410855853951
52500.0,15000.0,0.29097315068426644
55000.0,15000.0,0.08031450297914175
