sensor_time_s,delivery_time_s,latency_ms,sensor,sequence,accepted,status,est_x_m,est_y_m,truth_x_m,truth_y_m,position_error_m
0.5,0.513722996145345,13.722996145345,imu,1.0,True,ok,41.50057248261278,0.007870679365056341,41.5,0.0,0.007891471979894569
0.5,0.5329385709835643,32.93857098356434,magnetic,3.0,True,accepted,41.04831223261832,0.723872417728214,41.5,0.0,0.8532368465730572
0.5,0.5359543562390393,35.954356239039306,gravity,2.0,True,accepted,45.17754987067565,3.305212707678755,41.5,0.0,4.9445731963747495
1.0,1.0355019951080435,35.50199510804353,magnetic,6.0,True,accepted,45.4547487730399,2.8653369427682143,83.00017452406438,0.0009409929270644727,37.65453171907942
1.0,1.0384863827205266,38.48638272052662,imu,5.0,True,ok,86.95928985951096,2.883689795300541,83.00017452406438,0.0009409929270644727,4.8974314591379455
1.5,1.5377121338533886,37.712133853388565,imu,8.0,True,ok,128.47131435384583,2.912781964866484,124.50087256716014,0.004702741377138412,4.921517322081696
2.0,2.0161718503532318,16.171850353231765,gravity,11.0,True,accepted,135.34513112843408,7.255113678983163,166.0024429647854,0.01315834674461322,31.50105849119081
2.0,2.0273432654978505,27.34326549785049,imu,10.0,True,ok,176.8836470656877,7.302711359724864,166.0024429647854,0.01315834674461322,13.097258713736359
2.0,2.0431476406130753,43.147640613075296,magnetic,12.0,True,accepted,175.4256247340385,9.70046871489825,166.0024429647854,0.01315834674461322,13.514449186900713
2.5,2.5203391732779252,20.339173277925227,imu,14.0,True,ok,216.96873844906517,9.757492307345112,207.50523428671048,0.028169836960592512,13.572679424624814
3.0,3.029978674268295,29.978674268294814,magnetic,17.0,True,accepted,217.09232770841308,9.551854130872336,249.0095947308005,0.05158379690951875,33.30115719606082
3.0,3.036831394532008,36.83139453200779,imu,16.0,True,ok,258.6393450241518,9.618485201214005,249.0095947308005,0.05158379690951875,13.57415533990909
3.5,3.534008125939643,34.00812593964319,imu,19.0,True,ok,300.1964720318401,9.695256958219888,290.51587201695065,0.0852270583349198,13.640626500456646
4.0,4.018516851982278,18.516851982277593,magnetic,23.0,True,accepted,300.5114801389879,9.158994393694279,332.02441328116754,0.13090246578584086,32.780655867176435
4.0,4.035508663840808,35.5086638408082,gravity,22.0,True,accepted,303.0113198427615,10.768231543041333,332.02441328116754,0.13090246578584086,30.901656278644747
4.0,4.040730129645738,40.730129645737634,imu,21.0,True,ok,344.5875908466124,10.862200493390755,332.02441328116754,0.13090246578584086,16.52253575871978
4.5,4.532359399662261,32.35939966226109,imu,25.0,True,ok,386.167309668919,10.97445409351861,373.5355649698281,0.1903847348242602,16.60894716940667
5.0,5.032918139165605,32.91813916560482,magnetic,28.0,True,accepted,386.6329770598859,10.163148232801237,415.0496727341486,0.26541641831191853,30.091089845919758
5.0,5.040476301288611,40.476301288610905,imu,27.0,True,ok,428.21887644830196,10.294898458929202,415.0496727341486,0.26541641831191853,16.55350224175945
5.5,5.532721983211423,32.721983211422945,imu,30.0,True,ok,469.8063480146732,10.452327960868761,456.5670813248962,0.3577039961243132,16.648712126546933
6.0,6.015220017793978,15.22001779397808,magnetic,34.0,True,accepted,471.1329970887016,8.084794114131116,498.08813448737425,0.4689141031022084,28.01037415893817
6.0,6.042185029370566,42.18502937056634,gravity,33.0,True,accepted,467.99607731952125,6.023291344353239,498.08813448737425,0.4689141031022084,30.60037599657005
6.0,6.0496154334393095,49.61543343930952,imu,32.0,True,ok,509.57998039152284,6.172806897740188,498.08813448737425,0.4689141031022084,12.829532933720534
6.5,6.521572294288234,21.572294288233707,imu,36.0,True,ok,551.1789543133991,6.350669838765771,539.6131748567142,0.6006699094492881,12.916259273791884
7.0,7.037202555286464,37.20255528646366,imu,38.0,True,ok,592.7937054711608,6.559709059068348,581.1425438535058,0.7545476671212,13.017275668405864
7.0,7.047139599647757,47.139599647756825,magnetic,39.0,True,accepted,594.3651780313803,3.664060003912382,581.1425438535058,0.7545476671212,13.5389555224853
7.5,7.532836494598889,32.8364945988886,imu,41.0,True,ok,636.0033369616948,3.8805676654349557,622.6765815797969,0.9320734350291615,13.649030267227076
8.0,8.026758413719588,26.758413719587537,magnetic,45.0,True,accepted,635.5416822935979,4.741640810961181,664.215626715495,1.134719995103733,28.899912914780714
8.0,8.027308298441403,27.308298441402812,imu,43.0,True,ok,677.1886459947024,4.9922594768788455,664.215626715495,1.134719995103733,13.53439470652975
8.0,8.034086401014246,34.08640101424609,gravity,44.0,True,accepted,677.634141149533,5.29246457883778,664.215626715495,1.134719995103733,14.047895559124008
8.5,8.533655611426822,33.65561142682161,imu,47.0,True,ok,719.3009072154679,5.565177459090447,705.7600164152022,1.363903970434769,14.177673384275694
9.0,9.02561466848957,25.61466848957039,magnetic,50.0,True,accepted,719.0260503013416,6.088981981742796,747.310086205515,1.6209831558256182,28.6347638463628
9.0,9.030651984956995,30.651984956994838,imu,49.0,True,ok,760.6991986222272,6.39165336627864,747.310086205515,1.6209831558256182,14.2136422342854
9.5,9.527467982169018,27.4679821690178,imu,52.0,True,ok,802.3737366277466,6.724695380298654,788.8661698828187,1.907254070177274,14.340923964136541
10.0,10.02522204176846,25.2220417684601,imu,54.0,True,ok,844.0532271642718,7.085001398081797,830.4285994116107,2.2239497391554663,14.465832317199526
10.0,10.040397834356678,40.39783435667843,gravity,55.0,True,accepted,840.6473195203669,4.743021915652243,830.4285994116107,2.2239497391554663,10.524636112070505
10.0,10.041193653870103,41.193653870102764,magnetic,56.0,True,accepted,841.5983353428959,2.8733957465675237,830.4285994116107,2.2239497391554663,11.188600488496665
10.5,10.527063289734382,27.063289734382323,imu,58.0,True,ok,883.2659228394565,3.224111255967953,871.9977048233804,2.572237715594925,11.287057914729564
11.0,11.010628194377482,10.628194377481748,imu,60.0,True,ok,924.9493720860662,3.610699688138795,913.573814116079,2.953218344064672,11.394542590483603
11.0,11.02127133271051,21.271332710510293,magnetic,61.0,True,accepted,923.6308157635023,6.275072295801835,913.573814116079,2.953218344064672,10.591411417414855
11.5,11.530405006999443,30.40500699944282,imu,63.0,True,ok,965.3135934092695,6.719965132545114,955.1572531542071,3.3679232749607797,10.695206028478337
12.0,12.003871122984794,3.8711229847940842,gravity,66.0,True,accepted,956.5886653896931,0.6590860607419797,996.7483455695543,3.8173142324133016,40.28367308641399
12.0,12.037781056314888,37.78105631488771,magnetic,67.0,True,accepted,956.3190275271907,1.2036191307227613,996.7483455695543,3.8173142324133016,40.51371569549247
12.0,12.040666438120233,40.666438120233295,imu,65.0,True,ok,997.912046259653,1.6206986305813922,996.7483455695543,3.8173142324133016,2.48582368609433
12.5,12.529232391430009,29.232391430008775,imu,69.0,True,ok,1039.5149043870115,2.0730191799579165,1038.347412662617,4.302282039196798,2.516475674849956
13.0,13.015616904071742,15.616904071741544,magnetic,72.0,True,accepted,1035.3778974754782,10.675022859087104,1079.954773304728,4.8236459007239345,44.95927569484647
13.0,13.018862277725008,18.862277725007814,imu,71.0,True,ok,1076.9412394435005,11.270712747740564,1079.954773304728,4.8236459007239345,7.116604335121151
13.5,13.531087464273208,31.087464273207743,imu,74.0,True,ok,1118.5298427303578,11.91007432505796,1121.5707438409243,5.3821529490839835,7.201446872340459
14.0,14.020052713213495,20.05271321349511,gravity,77.0,True,accepted,1122.2683749409657,14.5380556210223,1163.195637993586,5.978478046967602,41.81276395103094
14.0,14.026653133918126,26.65313391812596,magnetic,78.0,True,accepted,1121.6273247797233,15.899390911375193,1163.195637993586,5.978478046967602,42.7358067141473
14.0,14.027929485607086,27.929485607085525,imu,76.0,True,ok,1163.280119736153,16.618363436783813,1163.195637993586,5.978478046967602,10.640220781226846
14.5,14.527297872165429,27.29787216542867,imu,80.0,True,ok,1204.942523280695,17.371207441813336,1204.8297667668728,6.613223850201077,10.758574486836439
15.0,15.025169000572243,25.169000572242695,imu,82.0,True,ok,1246.6091610523788,18.165113483833032,1246.4734383519901,7.286921126502157,10.879039002342653
15.0,15.025308811636124,25.308811636124418,magnetic,83.0,True,accepted,1248.6017783798825,13.727460395857223,1246.4734383519901,7.286921126502157,6.783094968702234
15.5,15.526456881014353,26.456881014352618,imu,85.0,True,ok,1290.2995439365643,14.50149323266274,1288.1269580333098,8.000029326970692,6.854864143368306
16.0,16.026249633351547,26.249633351547175,magnetic,89.0,True,accepted,1289.0361082652007,17.358586198661392,1329.7906280953785,8.752937405745335,41.65318808609214
16.0,16.042989285176997,42.98928517699707,imu,87.0,True,ok,1330.725677426479,18.208343663114015,1329.7906280953785,8.752937405745335,9.50152749527561
16.0,16.043737100820806,43.73710082080606,gravity,88.0,True,accepted,1322.3160406222323,12.236668648765647,1329.7906280953785,8.752937405745335,8.24656542248401
16.5,16.510162698158968,10.162698158968198,imu,91.0,True,ok,1363.9080065825344,13.044179606240032,1371.4647477308386,9.545964882197419,8.327174973421737
17.0,17.03014376454031,30.143764540309093,imu,93.0,True,ok,1405.515225431258,13.888928008932712,1413.1496129492912,10.379363138999453,8.402435263170513
17.0,17.034582995581214,34.58299558121425,magnetic,94.0,True,accepted,1400.1325465158413,26.355799776055207,1413.1496129492912,10.379363138999453,20.60802140310184
17.5,17.51843769558936,18.437695589359038,imu,96.0,True,ok,1441.6855213791923,27.405612321471054,1454.8455164871286,11.253316948403096,20.834637435284066
18.0,18.03068927816008,30.689278160078715,gravity,99.0,True,accepted,1436.0823508515366,23.403710749784643,1496.5527477183643,12.167946218094361,61.50537620276165
18.0,18.03099074491056,30.990744910560863,magnetic,100.0,True,accepted,1442.290100522167,9.146867000226731,1496.5527477183643,12.167946218094361,54.34668159491999
18.0,18.033570747391334,33.57074739133381,imu,98.0,True,ok,1483.872318892997,9.987122076722212,1496.5527477183643,12.167946218094361,12.86659508692164
18.5,18.52653564387888,26.535643878879966,imu,102.0,True,ok,1525.4728753639247,10.869746342176967,1538.2715925664863,13.123307947066557,12.995603177158804
19.0,19.0223985510817,22.39855108170019,magnetic,105.0,True,accepted,1526.2621853427058,9.000517951199038,1580.002333417363,14.119398381068065,53.983390519134375
19.0,19.03275019827629,32.750198276289666,imu,104.0,True,ok,1567.8932854125355,9.908077878982171,1580.002333417363,14.119398381068065,12.82046270438409
19.5,19.538245702726933,38.24570272693251,imu,107.0,True,ok,1609.5467236014567,10.865891439072175,1621.7452490332244,15.156155356346488,12.930985545941475
20.0,20.022201082639718,22.201082639718095,gravity,110.0,True,accepted,1619.310802922205,17.936965859511897,1663.5006144677493,16.233460819626668,44.222634180379025
20.0,20.022248372747757,22.248372747757372,magnetic,111.0,True,accepted,1617.2427540149145,22.884864648692137,1663.5006144677493,16.233460819626668,46.733615594893244
20.0,20.040982739776183,40.98273977618305,imu,109.0,True,ok,1659.024317354879,24.052081310304516,1663.5006144677493,16.233460819626668,9.009331951922864
20.5,20.529530169587407,29.53016958740662,imu,113.0,True,ok,1700.8284884910995,25.253430150522675,1705.2687009822819,17.351143511530918,9.064304777071408
21.0,21.025844979111007,25.844979111006694,magnetic,116.0,True,accepted,1698.6479471173118,30.678532203301323,1747.049775963201,18.50898179997897,49.908265774776794
21.0,21.041895477213846,41.89547721384557,imu,115.0,True,ok,1740.4432623276218,31.989714864728747,1747.049775963201,18.50898179997897,15.012534309040946
21.5,21.531989468507614,31.989468507614305,imu,118.0,True,ok,1782.2619579918069,33.34585518790259,1788.8441028404739,19.706706649495295,15.144338997182125
22.0,22.01284478819903,12.844788199029011,gravity,121.0,True,accepted,1789.1031367068585,38.285092284614635,1830.6519410074109,20.94400471180558,45.02239950306323
22.0,22.02294046145885,22.940461458851757,imu,120.0,True,ok,1831.0375287714796,39.7560344151771,1830.6519410074109,20.94400471180558,18.815980959926904
22.0,22.0416443747307,41.64437473070137,magnetic,122.0,True,accepted,1836.082860917436,26.90612004493846,1830.6519410074109,20.94400471180558,8.064844097357673
22.5,22.515556297756635,15.556297756635473,imu,124.0,True,ok,1878.1071483950218,28.238279390512215,1872.473545741653,22.220521522624306,8.243232898115345
23.0,23.035499682519504,35.49968251950375,imu,126.0,True,ok,1920.1554259255367,29.606198652189562,1914.3091681274116,23.535864789124094,8.427792323688262
23.0,23.036617430423146,36.61743042314569,magnetic,127.0,True,accepted,1917.2338397981187,37.32994214071431,1914.3091681274116,23.535864789124094,14.10071893071735
23.5,23.521223297635206,21.22329763520625,imu,129.0,True,ok,1959.265442117607,38.847874888747874,1956.1590549789855,24.88960775223605,14.299750435207589
24.0,24.02409598582768,24.095985827681687,imu,131.0,True,ok,2001.3184566468358,40.410799585439946,1998.023448765579,26.281292607660696,14.50861965772959
24.0,24.026182363486086,26.182363486086047,magnetic,133.0,True,accepted,1998.004792549739,49.59534494531078,1998.023448765579,26.281292607660696,23.314059802125342
24.0,24.037778594638752,37.77859463875188,gravity,132.0,True,accepted,1978.0541770982238,35.448919934016516,1998.023448765579,26.281292607660696,21.97310177739084
24.5,24.54783627244234,47.83627244233912,imu,135.0,True,ok,2019.8089909432558,36.98043671652379,2039.9025875374432,27.710433969272184,22.12884034521445
25.0,25.020352328344195,20.352328344195314,magnetic,138.0,True,accepted,2023.630764105587,26.91790900423472,2081.7967048533646,29.176522358474948,58.209775788590015
25.0,25.033792422723945,33.79242272394478,imu,137.0,True,ok,2065.4567079125677,28.342008249377937,2081.7967048533646,29.176522358474948,16.361293158657578
25.5,25.52728274561805,27.282745618048665,imu,140.0,True,ok,2107.3047408136035,29.794396286881437,2123.7060297095195,30.679027703022868,16.425128620188058
26.0,26.030140991480078,30.140991480077872,magnetic,144.0,True,accepted,2106.1038620175364,33.09166371363723,2165.63078646972,32.21740282883593,59.533344159644535
26.0,26.038482700508688,38.48270050868763,gravity,143.0,True,accepted,2094.5002901616035,24.965335284073348,2165.63078646972,32.21740282883593,71.49923068616042
26.0,26.039892231262915,39.892231262914635,imu,142.0,True,ok,2136.1958858041153,26.379736867474037,2165.63078646972,32.21740282883593,30.008194232083763
26.5,26.527520624160655,27.520624160654705,imu,146.0,True,ok,2177.9179757050097,27.825802386193082,2207.5711947970713,33.79108692844843,30.247281236366955
27.0,27.019376147375024,19.376147375023578,imu,148.0,True,ok,2219.669449607974,29.30469330912535,2249.527469587059,35.399508989895615,30.473728607671198
27.0,27.039711454360827,39.71145436082679,magnetic,149.0,True,accepted,2217.0475222838472,36.46536726168779,2249.527469587059,35.399508989895615,32.497431139629434
27.5,27.53381054827078,33.810548270778895,imu,151.0,True,ok,2258.786781767114,38.0820194653049,2291.499820902091,37.04209117009111,32.72956431585547
28.0,28.025580677593442,25.580677593442402,imu,153.0,True,ok,2300.5454711298453,39.738256632476656,2333.4884539075097,38.718252097064685,32.9587700550514
28.0,28.036681464035986,36.68146403598627,magnetic,155.0,True,accepted,2300.849766288637,38.86328481394958,2333.4884539075097,38.718252097064685,32.63900984973832
28.0,28.040326087419487,40.32608741948707,gravity,154.0,True,accepted,2307.4127720689794,43.41447270808454,2333.4884539075097,38.718252097064685,26.495200912082648
28.5,28.52656191426478,26.561914264778608,imu,157.0,True,ok,2349.2893836572375,45.153138984204986,2375.493568809097,40.427410085817336,26.626900553650234
29.0,29.017826896242813,17.82689624281275,magnetic,160.0,True,accepted,2348.39617649698,47.593155795644726,2417.5153607920893,42.168986253006445,69.33169010523667
29.0,29.035655879258034,35.65587925803371,imu,159.0,True,ok,2390.2925883264224,49.39793650227846,2417.5153607920893,42.168986253006445,28.16623976365886
29.5,29.523226609658362,23.226609658362207,imu,162.0,True,ok,2432.214380040381,51.235275400835256,2459.5540199617226,43.942407516195935,28.29561508452181
30.0,30.03042000734947,30.420007349469813,imu,164.0,True,ok,2474.1566783484395,53.10579259589961,2501.609731285324,45.74710946399242,28.422180299744674
30.0,30.030920998871093,30.920998871092564,magnetic,166.0,True,accepted,2470.9209376271106,62.667062143356546,2501.609731285324,45.74710946399242,35.04407018124921
30.0,30.044533330129884,44.53333012988381,gravity,165.0,True,accepted,2456.485200378777,52.90936297082658,2501.609731285324,45.74710946399242,45.68939882327279
30.5,30.532286093340414,32.28609334041366,imu,168.0,True,ok,2498.21620629017,54.808335583489814,2543.6826745359704,47.582539084035766,46.03707060400253
31.0,31.025177281051537,25.177281051536937,imu,170.0,True,ok,2539.973058855982,56.737879900305145,2585.7730242377265,49.44815733651815,46.37646907674185
31.0,31.035572915210725,35.57291521072514,magnetic,171.0,True,accepted,2546.568526578997,38.251712569581414,2585.7730242377265,49.44815733651815,40.77196355453571
31.5,31.532849668539374,32.849668539373766,imu,173.0,True,ok,2588.435087035169,39.961823509437416,2627.8809496124823,51.34344156166674,41.05505211243931
32.0,32.01890305715446,18.903057154460612,magnetic,177.0,True,accepted,2586.249215286125,46.21498547441896,2670.006614528408,53.26788771043743,84.05382417107529
32.0,32.0320266263635,32.0266263635034,gravity,176.0,True,accepted,2606.350567365795,59.44926369453663,2670.006614528408,53.26788771043743,63.95546692367757
32.0,32.036409301203456,36.40930120345587,imu,175.0,True,ok,2648.4785781132728,61.4583975989454,2670.006614528408,53.26788771043743,23.03347138676977
32.5,32.53013824951381,30.138249513811388,imu,179.0,True,ok,2690.6345132145607,63.50258652815815,2712.1501774500393,55.22101238852802,23.05446329290807
33.0,33.0334914302203,33.491430220301766,imu,181.0,True,ok,2732.818292894624,65.57649466444087,2754.3117913900037,57.2023547047236,23.06722128119955
33.0,33.03392204144883,33.922041448832374,magnetic,182.0,True,accepted,2737.4360126373276,52.30653738686338,2754.3117913900037,57.2023547047236,17.571594569620967
33.5,33.54002068446737,40.02068446737184,imu,184.0,True,ok,2779.698229355868,54.23729272450084,2796.491603862415,59.21147791553201,17.514563815060235
34.0,34.02104095338772,21.040953387718275,magnetic,188.0,True,accepted,2780.3167180979467,52.41592683532124,2838.6897568379372,61.24797085904752,59.03741740097948
34.0,34.02826993416992,28.269934169919964,imu,186.0,True,ok,2822.609348272708,54.35997804796857,2838.6897568379372,61.24797085904752,17.493541224982952
34.0,34.031948796310004,31.948796310004468,gravity,187.0,True,accepted,2847.259563323643,70.41225651572721,2838.6897568379372,61.24797085904752,12.546940455731312
34.5,34.52780618490727,27.806184907269937,imu,190.0,True,ok,2889.897772515634,72.60386176509435,2880.9063867005398,63.31144917199302,12.930349982746382
35.0,35.025932404601406,25.93240460140578,imu,192.0,True,ok,2932.563291772012,74.81724249082228,2923.1416242059527,65.40155628492941,13.320021263240216
35.0,35.031970881641655,31.97088164165507,magnetic,193.0,True,accepted,2926.09177680775,93.7396875174112,2923.1416242059527,65.40155628492941,28.491280808753622
35.5,35.5366593519985,36.65935199850168,imu,195.0,True,ok,2968.701932240769,96.23109239380135,2965.3955944418385,67.51796419168191,28.902864923602014
36.0,36.020260463304936,20.26046330493614,magnetic,199.0,True,accepted,2974.4613736311853,78.72816024357442,3007.6684167896883,69.66037399011093,34.422847977312706
36.0,36.03101372946646,31.01372946645853,gravity,198.0,True,accepted,2982.321335594691,83.61995033988245,3007.6684167896883,69.66037399011093,28.936901993317978
36.0,36.03103588713223,31.03588713222649,imu,197.0,True,ok,3025.117905545205,85.97625938412543,3007.6684167896883,69.66037399011093,23.889176922186202
36.5,36.52926940947641,29.26940947641299,imu,201.0,True,ok,3067.9402067436245,88.35796819043789,3049.960204888457,71.8285161924456,24.423416019585602
37.0,37.02651423094804,26.514230948038175,imu,203.0,True,ok,3110.7932086063215,90.77273700084605,3092.2710665999484,74.02215080449628,24.97302309344213
37.0,37.029294608995194,29.294608995193983,magnetic,204.0,True,accepted,3109.9032937121397,93.39200695211622,3092.2710665999484,74.02215080449628,26.193257913352085
37.5,37.53049831951723,30.498319517228367,imu,206.0,True,ok,3152.7743335081555,95.877396791042,3134.6011039759587,76.24106717416277,26.755405294120216
38.0,38.03020596933856,30.205969338560124,magnetic,210.0,True,accepted,3159.1553843438783,76.4327335428429,3176.950413227191,78.48508361075336,17.912989526016663
38.0,38.040368613331715,40.36861333171515,imu,208.0,True,ok,3202.129165494079,78.70002396180276,3176.950413227191,78.48508361075336,25.17966967757603
38.5,38.52142255619421,21.422556194210074,imu,212.0,True,ok,3245.1322545109465,80.99348684388748,3219.3190846939488,80.75404677772048,25.81428030270163
39.0,39.03413197325489,34.131973254886816,imu,214.0,True,ok,3288.1612535452487,83.31005444553648,3261.7072028186176,83.04783086249759,26.455350329464007
39.0,39.03865231345697,38.6523134569714,magnetic,215.0,True,accepted,3290.160683924312,76.53589354219623,3261.7072028186176,83.04783086249759,29.18914035554372
39.5,39.52800678412128,28.006784121281214,imu,217.0,True,ok,3333.2370630148116,78.79307853204938,3304.114846119942,85.36633652818334,29.85483608321402
40.0,40.01579259007956,15.79259007956324,imu,219.0,True,ok,3376.3387354648953,81.07805922851577,3346.5420871691076,87.70948965285845,30.52566328740074
40.0,40.02732619263031,27.326192630312107,magnetic,221.0,True,accepted,3376.660038306741,79.89331635595124,3346.5420871691076,87.70948965285845,31.115647924093878
40.0,40.02848657636901,28.486576369012084,gravity,220.0,True,accepted,3383.407069958378,83.88127871022665,3346.5420871691076,87.70948965285845,37.06321835829282
40.5,40.51192718679689,11.927186796889089,imu,223.0,True,ok,3426.618200053372,86.23324420576705,3388.988992567638,90.07723986333409,37.82503877882787
41.0,41.02769465296955,27.69465296955076,magnetic,226.0,True,accepted,3425.001785467394,91.33964135228466,3431.4556229271043,92.46955887111203,6.552002102847288
41.0,41.047448134501956,47.44813450195551,imu,225.0,True,ok,3468.221728939305,93.77556445379332,3431.4556229271043,92.46955887111203,36.789294664105626
41.5,41.53020549494184,30.205494941839106,imu,228.0,True,ok,3511.470829594109,96.23265941634676,3473.942032850664,94.8864386192833,37.552934578342395
42.0,42.02237478365363,22.37478365363188,gravity,231.0,True,accepted,3525.931361477378,104.72333715122264,3516.4482709164276,97.32788924999831,12.025874448326194
42.0,42.02903742439178,29.03742439178103,imu,230.0,True,ok,3569.389987407272,107.3318190830228,3516.4482709164276,97.32788924999831,53.87860388967999
42.0,42.03124101481088,31.24101481088104,magnetic,232.0,True,accepted,3568.8964729497343,108.82109455174714,3516.4482709164276,97.32788924999831,53.69271519149221
42.5,42.52773068229003,27.730682290027175,imu,234.0,True,ok,3612.375881555184,111.47643106641019,3558.9743796626617,99.79393690300388,54.66444067449242
43.0,43.034655049892855,34.65504989285506,magnetic,237.0,True,accepted,3607.922330053527,125.48854232951746,3601.52039557483,102.28462135655721,24.070868567397163
43.0,43.036098392705625,36.098392705625315,imu,236.0,True,ok,3651.379814700935,128.34566812694058,3601.52039557483,102.28462135655721,56.25957549040618
43.5,43.51688878843057,16.8887884305704,imu,239.0,True,ok,3694.870009386024,131.23529035115402,3644.086349074482,104.79999352278973,57.25211850265293
44.0,44.03070989834904,30.7098983490377,imu,241.0,True,ok,3738.389584626843,134.15030446778454,3686.672264509984,107.3401128103021,58.253476950140914
44.0,44.030904210381024,30.9042103810242,gravity,242.0,True,accepted,3749.38472979836,140.4175684476455,3686.672264509984,107.3401128103021,70.90113803026128
44.0,44.03106335680166,31.063356801659836,magnetic,243.0,True,accepted,3750.9086699418094,135.87003620933012,3686.672264509984,107.3401128103021,70.28707073108298
44.5,44.53886781339987,38.86781339986811,imu,245.0,True,ok,3794.6109103250715,138.8374473165529,3729.2781601491038,109.90504436742116,71.45244702574108
45.0,45.02752362061366,27.523620613656874,imu,247.0,True,ok,3838.3467792957063,141.836953958521,3771.9040481734455,112.49485622013873,72.63329277042185
45.0,45.04459633068346,44.59633068346136,magnetic,248.0,True,accepted,3840.7785101749782,133.91959810761315,3771.9040481734455,112.49485622013873,72.12982102393902
45.5,45.52316757789749,23.16757789748891,imu,250.0,True,ok,3884.571803313815,136.8479830900808,3814.549934674739,115.10961631927708,73.31861071767547
46.0,46.024528325809996,24.528325809995977,magnetic,254.0,True,accepted,3883.999597418537,138.79961679328812,3857.2158196529836,117.74938951188446,34.06586003601429
46.0,46.027126196798186,27.12619679818573,imu,252.0,True,ok,3927.8222141004626,141.78171733824695,3857.2158196529836,117.74938951188446,74.5842859966277
46.0,46.038409348702004,38.409348702003854,gravity,253.0,True,accepted,3922.006363475004,138.73330915679884,3857.2158196529836,117.74938951188446,68.10388720489735
46.5,46.524973377504665,24.973377504664995,imu,256.0,True,ok,3965.7939471725317,141.69898062680448,3899.90169701645,120.4142344522549,69.2447041321333
47.0,47.02018670682283,20.18670682282675,imu,258.0,True,ok,4009.6161936861718,144.68805331419648,3942.607554583534,123.10420046828713,70.3990086440246
47.0,47.03377682981434,33.776829814343046,magnetic,259.0,True,accepted,4010.950079858537,140.4785852875836,3942.607554583534,123.10420046828713,70.51645204357226
47.5,47.52803294712976,28.032947129759123,imu,261.0,True,ok,4054.812649141158,143.4420117752341,3985.3333740864678,125.81932439914604,71.67934690327925
48.0,48.02405858881983,24.05858881982681,gravity,264.0,True,accepted,4057.44249565472,144.83237839775177,4028.0791311768858,128.55962742036704,33.570963611879144
48.0,48.029233394863205,29.233394863204865,imu,263.0,True,ok,4101.358651039397,147.83966707673596,4028.0791311768858,128.55962742036704,75.77339876520878
48.0,48.045597130405476,45.59713040547564,magnetic,265.0,True,accepted,4104.633185925728,138.51092183680234,4028.0791311768858,128.55962742036704,77.19813183653672
48.5,48.53579426219991,35.79426219990722,imu,267.0,True,ok,4148.6146940630215,141.42493830620512,4070.8447954332382,131.32511187264606,78.42297894670146
49.0,49.01806435254435,18.064352544350015,magnetic,270.0,True,accepted,4145.2106603374405,151.5594845384097,4113.630330370061,134.1157581105874,36.077705477722596
49.0,49.0368883628353,36.88836283529895,imu,269.0,True,ok,4189.183875503673,154.61980996025946,4113.630330370061,134.1157581105874,78.28636103760918
49.5,49.541341852212604,41.34185221260367,imu,272.0,True,ok,4233.177860238614,157.70720482017032,4156.435693449087,136.93152138763614,79.5046488303699
50.0,50.01693250395498,16.932503954983247,magnetic,276.0,True,accepted,4228.552540440294,173.1036609523393,4199.260836092207,139.77232879330268,44.37320866369477
50.0,50.02252746960949,22.52746960949281,imu,274.0,True,ok,4272.534614571397,176.4079790863062,4199.260836092207,139.77232879330268,81.92202075759988
50.0,50.03360621521671,33.60621521670737,gravity,275.0,True,accepted,4293.896340225042,186.90302590200062,4199.260836092207,139.77232879330268,105.72218902589795
50.5,50.53745089196125,37.45089196124951,imu,278.0,True,ok,4338.152051302611,190.37900411365814,4242.105703696263,142.63807625859482,107.25715398509207
51.0,51.026805306686796,26.80530668679637,imu,280.0,True,ok,4382.436765204583,193.8901743722939,4284.970235649683,145.52862564530702,108.80516430183346
51.0,51.02770761022844,27.707610228439705,magnetic,281.0,True,accepted,4383.609654595339,190.05569565677118,4284.970235649683,145.52862564530702,108.22381869876179
51.5,51.52151914536416,21.519145364159442,imu,283.0,True,ok,4427.9345945193945,193.55760214253593,4327.854365350945,148.4438019344805,109.77844615233771
52.0,52.03179561994423,31.795619944233522,gravity,286.0,True,accepted,4403.347755522372,181.1090184607669,4370.758020228863,151.3833905289407,44.110132650473275
52.0,52.040683832999484,40.68383299948408,magnetic,287.0,True,accepted,4399.147368948689,192.49378423382376,4370.758020228863,151.3833905289407,49.96018005678528
52.0,52.04942995466891,49.429954668909204,imu,285.0,True,ok,4443.179330992825,195.99764354474723,4370.758020228863,151.3833905289407,85.06043630812646
52.5,52.52177274054808,21.772740548080094,imu,289.0,True,ok,4487.2346486931065,199.52723007805952,4413.681121764691,154.34713468434416,86.3212739907977
53.0,53.03609422300614,36.09422300613829,magnetic,292.0,True,accepted,4484.207508728883,208.69352008889732,4456.623585516045,157.3347330826258,58.297494136260454
53.5,53.53305084550198,33.05084550198245,imu,294.0,True,ok,4528.256127026125,212.36689321109566,4499.58532114262,160.34583756113327,59.398698141845614
54.0,54.03063669760946,30.636697609459418,gravity,297.0,True,accepted,4521.926752803806,209.35508039307012,4542.566232433715,163.38005101006897,50.3953514340485
54.0,54.03539654235887,35.39654235886758,magnetic,298.0,True,accepted,4519.5005781532145,215.73833644578275,4542.566232433715,163.38005101006897,57.21376111701858
54.0,54.04103575381534,41.03575381534341,imu,296.0,True,ok,4563.478265531155,219.47645253127592,4542.566232433715,163.38005101006897,59.867515330911004
54.5,54.52337113865956,23.371138659562973,imu,300.0,True,ok,4607.476105585289,223.24424314626302,4585.566217337532,166.43692545013732,60.886078432247004
55.0,55.019110953170234,19.110953170233813,magnetic,303.0,True,accepted,4608.460297134943,220.3450810983423,4628.585167992268,169.51596030151563,54.66818039776336
55.0,55.03294982237442,32.94982237441957,imu,302.0,True,ok,4652.49700296735,224.1068067669241,4628.585167992268,169.51596030151563,59.59812387722769
55.5,55.52306120728214,23.061207282140117,imu,305.0,True,ok,4696.568262327708,227.89524761062486,4671.622970758968,172.6166008544377,60.646486779076994
56.0,56.03183005842589,31.830058425889263,gravity,308.0,True,accepted,4690.165758028188,224.81654251152963,4714.679506256141,175.7382369508011,54.859857171667166
56.0,56.041087693168365,41.08769316836458,magnetic,309.0,True,accepted,4688.630687839907,228.96591334421402,4714.679506256141,175.7382369508011,59.25982176081719
56.0,56.04212657540735,42.12657540735165,imu,307.0,True,ok,4732.645138094539,232.7911970337838,4714.679506256141,175.7382369508011,59.81474886333022
56.5,56.530674340200704,30.674340200704364,imu,311.0,True,ok,4776.685315432939,236.63770321237325,4757.754649396125,178.88020188528782,60.78074593278411
57.0,57.03035963181033,30.359631810327414,imu,313.0,True,ok,4820.748744743301,240.5026087444175,4800.84826942319,182.04177153352728,61.755148816633714
57.0,57.03614540595666,36.145405956659715,magnetic,314.0,True,accepted,4825.381364893123,225.3079984557499,4800.84826942319,182.04177153352728,49.73770366052403
58.0,58.01801579117515,18.015791175152174,imu,318.0,True,ok,4869.50750401835,229.01047113310548,4887.090389015986,188.42053778802085,44.23460787436131
58.0,58.02228885252811,22.288852528113523,magnetic,320.0,True,accepted,4867.105534377621,237.44847384977464,4887.090389015986,188.42053778802085,52.944621345251086
58.0,58.03181306130652,31.813061306522172,gravity,319.0,True,accepted,4856.4420507738005,232.50109645612747,4887.090389015986,188.42053778802085,53.688139188277056
58.5,58.527891412548605,27.891412548605388,imu,322.0,True,ok,4900.45562974709,236.26165197644553,4930.2385990969415,191.6359945057497,53.65141720389191
59.0,59.016181208743674,16.181208743674347,imu,324.0,True,ok,4944.495238624459,240.04294716437022,4973.404707183602,194.8675760957761,53.633679004495676
59.0,59.03313311178729,33.1331117872935,magnetic,325.0,True,accepted,4942.732677342293,245.68805974654333,4973.404707183602,194.8675760957761,59.359034468933764
59.5,59.52088638054745,20.886380547452177,imu,327.0,True,ok,4986.78355131662,249.5569606123275,5016.588554811433,198.1142666063885,59.45325054119812
60.0,60.02799379284704,27.993792847041732,gravity,330.0,True,accepted,5003.776768795981,257.94316733106905,5059.789978112263,201.37499249620956,79.6080273719733
60.0,60.03755011210449,37.55011210449055,magnetic,331.0,True,accepted,5006.999533835588,248.5755771862892,5059.789978112263,201.37499249620956,70.81473153245794
60.5,60.52998951125128,29.98951125128002,imu,333.0,True,ok,5051.289189572369,252.46718805645813,5103.008807864203,204.6486234754285,70.43815752021862
61.0,61.02128631416476,21.286314164761677,imu,335.0,True,ok,5095.608035614625,256.3784690336083,5146.244869543188,207.9339735964173,70.07822834855962
61.0,61.026023987590314,26.02398759031388,magnetic,336.0,True,accepted,5093.373156849677,263.94948710481015,5146.244869543188,207.9339735964173,77.02698070646471
61.5,61.521380320165775,21.3803201657754,imu,338.0,True,ok,5137.697091885795,267.9704370631016,5189.497983376141,211.22980259157114,76.8298897527935
62.0,62.01767094649138,17.67094649137846,magnetic,342.0,True,accepted,5140.372114829931,257.96813588042244,5232.767964395734,214.53481745511212,102.09527984398194
62.0,62.0264939215052,26.49392150519958,imu,340.0,True,ok,5184.735109751033,261.8744762446454,5232.767964395734,214.53481745511212,67.44033229180057
62.0,62.026932479348865,26.932479348865,gravity,341.0,True,accepted,5167.430205342551,252.91829556826184,5232.767964395734,214.53481745511212,75.77805850082544
62.5,62.5409795813881,40.97958138810043,imu,344.0,True,ok,5211.63236950212,256.7091931911105,5276.054622496734,217.84767426450304,75.23592449212732
63.0,63.02408337405081,24.083374050810846,magnetic,347.0,True,accepted,5210.985975582349,258.9124132765759,5319.357762493902,221.16698023604633,114.75696891178357
63.0,63.03251155778181,32.511557781809586,imu,346.0,True,ok,5255.2137471228525,262.75334775688265,5319.357762493902,221.16698023604633,76.44527893532378
63.5,63.5182793343932,18.279334393199065,imu,349.0,True,ok,5299.464291727139,266.6082699350876,5362.677184181456,224.49129600819205,75.95860231204766
64.0,64.03135111455435,31.351114554354353,gravity,352.0,True,accepted,5283.93634015628,257.6686563753872,5406.0126823940545,227.81913814505552,125.6726981994787
64.0,64.0347024631952,34.70246319520243,imu,351.0,True,ok,5328.039410291544,261.3974081073089,5406.0126823940545,227.81913814505552,84.89600329833006
64.0,64.03522482510519,35.224825105188984,magnetic,353.0,True,accepted,5328.242053210093,260.6817131618103,5406.0126823940545,227.81913814505552,84.42878419355009
64.5,64.5226998532851,22.699853285104155,imu,355.0,True,ok,5372.374314526517,264.40777938035285,5449.36404706929,231.14898185165328,83.8663611352175
65.0,65.03865554443234,38.65554443234487,imu,357.0,True,ok,5416.531895181036,268.1435936434785,5492.731063311676,234.47926389141023,83.30426352508927
65.0,65.04192099342808,41.920993428078646,magnetic,358.0,True,accepted,5416.046921934211,270.3094563819562,5492.731063311676,234.47926389141023,84.64195314800192
65.5,65.5347593055434,34.75930554340323,imu,360.0,True,ok,5460.225233005474,274.0738549959098,5536.1135114581075,237.8083856955756,84.10835315281037
66.0,66.02739615228057,27.39615228057346,imu,362.0,True,ok,5504.424273485045,277.82994952534006,5579.511167144772,241.13471665331423,83.57380998255002
66.0,66.03854847385223,38.54847385223081,magnetic,364.0,True,accepted,5503.638419171387,282.71138473831877,5579.511167144772,241.13471665331423,86.51758904456058
66.0,66.04204606453644,42.04606453643578,gravity,363.0,True,accepted,5496.8667244434855,278.2126247901468,5579.511167144772,241.13471665331423,90.58076606658634
66.5,66.51598549074197,15.985490741968533,imu,366.0,True,ok,5541.0048761111475,281.959376672819,5622.923801375494,244.45659757041685,90.09533149319749
67.0,67.02449784306539,24.497843065390157,imu,368.0,True,ok,5585.155253975513,285.70523568112327,5666.351180591486,247.77234428380305,89.6196560403316
67.0,67.0321568169916,32.156816991602,magnetic,369.0,True,accepted,5585.1692405204485,285.61824264708446,5666.351180591486,247.77234428380305,89.57019267938041
67.5,67.53154569642338,31.5456964233789,imu,371.0,True,ok,5629.339217656063,289.35867787965424,5709.793066742498,251.08025141827497,89.09578982860025
68.0,68.01876799565912,18.76799565911824,magnetic,375.0,True,accepted,5629.685144971773,286.623514128413,5753.2492173593255,254.37859627132354,127.70205445726658
68.0,68.03210517347756,32.10517347756081,imu,373.0,True,ok,5673.877508434638,290.3232160909981,5753.2492173593255,254.37859627132354,87.13141724777724
68.0,68.03583144888759,35.83144888759193,gravity,374.0,True,accepted,5679.902323072484,295.32465776588265,5753.2492173593255,254.37859627132354,84.0020645784452
68.5,68.5269710826487,26.971082648699962,imu,377.0,True,ok,5724.177833228575,299.0942287641301,5796.71938562767,257.6656428111946,83.5380425825888
69.0,69.03694251187503,36.94251187502573,imu,379.0,True,ok,5768.46925617614,302.8480296903179,5840.203320463319,260.93964577289114,83.07880970336244
69.0,69.04689983501957,46.89983501957329,magnetic,380.0,True,accepted,5768.554807981984,301.53467644949876,5840.203320463319,260.93964577289114,82.3496560795658
69.5,69.52867105290807,28.671052908066486,imu,382.0,True,ok,5812.856370767253,305.2488103455184,5883.700766588632,264.1988548363253,81.8781244692561
70.0,70.02407535817893,24.07535817893347,gravity,385.0,True,accepted,5809.420439320573,301.5448432472386,5927.211464610299,267.4415188704375,122.62855447388372
70.0,70.02618320969074,26.183209690742615,magnetic,386.0,True,accepted,5810.118222301161,292.39483435599993,5927.211464610299,267.4415188704375,119.72257660186125
70.0,70.0276206718128,27.620671812798037,imu,384.0,True,ok,5854.383515376125,295.91818473637136,5927.211464610299,267.4415188704375,78.1973828749756
70.5,70.51892863250255,18.928632502550613,imu,388.0,True,ok,5898.6525680126615,299.42988752340034,5970.735151098353,270.66589022677647,77.60970509405217
71.0,71.03281772408964,32.817724089639455,magnetic,391.0,True,accepted,5898.6621202949755,304.7421426160107,6014.271558666414,273.8702290657821,119.66042489817731
71.0,71.0415541091242,41.55410912420621,imu,390.0,True,ok,5942.944139604778,308.31257484833753,6014.271558666414,273.8702290657821,79.20780197050945
71.5,71.53774405238015,37.74405238014822,imu,393.0,True,ok,5987.240439232022,311.8643266028589,6057.8204160531395,277.05280769883217,78.69799855444141
72.0,72.02867298399596,28.67298399596052,gravity,396.0,True,accepted,5993.544767392191,322.49652730888266,6101.381448204849,280.21191492901147,115.83064435980285
72.0,72.0378261916071,37.82619160709544,magnetic,397.0,True,accepted,5993.2201086918085,318.18099542391724,6101.381448204849,280.21191492901147,114.63213528013817
72.0,72.03786941021296,37.86941021296286,imu,395.0,True,ok,6037.595995669495,321.7995491172522,6101.381448204849,280.21191492901147,76.14535621109695
72.5,72.52704350580248,27.043505802481604,imu,399.0,True,ok,6081.985062550432,325.3875142921339,6144.954376359313,283.3458603735284,75.71416740460845
73.0,73.02176714649308,21.767146493075984,imu,401.0,True,ok,6126.393014987512,328.9563202997584,6188.538918130664,286.45297875075073,75.2904198441578
73.0,73.04131618672247,41.31618672246873,magnetic,402.0,True,accepted,6125.590210396184,325.22047866397344,6188.538918130664,286.45297875075073,73.92874173799129
73.5,73.53255522707076,32.555227070758974,imu,404.0,True,ok,6169.99870318465,328.7186800393082,6232.134787595412,289.5316341149487,73.4609934194951
74.0,74.01932714694085,19.327146940852913,imu,406.0,True,ok,6214.422349493631,332.1892694430548,6275.741695379545,292.5802240220278,72.99957985523781
74.0,74.028294006398,28.294006397999283,gravity,407.0,True,accepted,6215.310411092618,337.14092257301553,6275.741695379545,292.5802240220278,75.08392621539818
74.0,74.03533162586122,35.331625861218185,magnetic,408.0,True,accepted,6216.731460419189,341.5108430626569,6275.741695379545,292.5802240220278,76.65776744580792
74.5,74.52433912821976,24.339128219764916,imu,410.0,True,ok,6261.212751523531,345.0848826717091,6319.359348746671,295.5971836097982,76.35482386249294
75.0,75.0140791487541,14.07914875410654,magnetic,413.0,True,accepted,6261.337502140315,345.4080186477914,6362.987451687188,298.5809895766663,111.91730382076629
75.0,75.02776197335267,27.761973352667724,imu,412.0,True,ok,6305.830560620032,348.9615364077061,6362.987451687188,298.5809895766663,76.19127046753657
75.5,75.52838585218572,28.385852185721205,imu,415.0,True,ok,6350.339785926484,352.4847043458862,6406.625705008454,301.530164043041,75.92410595045783
76.0,76.01592623827663,15.926238276634308,imu,417.0,True,ok,6394.874945271694,355.9698853872351,6450.273806425923,304.4432782802262,75.65728687407187
76.0,76.03062828289919,30.628282899186843,magnetic,419.0,True,accepted,6392.552573044557,351.83620195632284,6450.273806425923,304.4432782802262,74.68487127681503
76.0,76.0328248108416,32.82481084160338,gravity,418.0,True,accepted,6392.967542797842,348.84456795547857,6450.273806425923,304.4432782802262,72.49470584695685
76.5,76.52416738526655,24.167385266551378,imu,421.0,True,ok,6437.490055843499,352.19319155245665,6493.931450655222,307.3189562921122,72.10636614400623
77.0,77.02711891676955,27.11891676955247,imu,423.0,True,ok,6482.030644301656,355.5028721318402,6537.5983295051465,310.15587823558906,71.72250340235509
77.0,77.02975084878247,29.75084878247003,magnetic,424.0,True,accepted,6476.642019128186,348.2691173094866,6537.5983295051465,310.15587823558906,71.8908253358968
77.5,77.53726241323719,37.26241323718682,imu,426.0,True,ok,6521.129114517811,351.42827720262005,6581.274131971537,312.9527836662721,71.39878659595367
78.0,78.03233191211332,32.33191211332098,magnetic,430.0,True,accepted,6512.591122594815,340.7339457669622,6624.958544332012,315.70847459685973,115.12042249379896
78.0,78.03835735453443,38.357354534426236,gravity,429.0,True,accepted,6515.316425905862,333.46784836867414,6624.958544332012,315.70847459685973,111.07110105576915
78.0,78.0413629939106,41.36299391059595,imu,428.0,True,ok,6559.717052690902,336.33037100401066,6624.958544332012,315.70847459685973,68.42305783129159
78.5,78.53014132569086,30.14132569086314,imu,432.0,True,ok,6604.117716486473,339.1537201051549,6668.651250241535,318.42181835622563,67.78192036998526
79.0,79.027742748067,27.7427480669985,imu,434.0,True,ok,6648.523412085657,341.9384040217956,6712.351930828774,321.0917502381839,67.14657682201131
79.0,79.03935460781935,39.354607819348075,magnetic,435.0,True,accepted,6644.2253801141815,338.0940448697601,6712.351930828774,321.0917502381839,70.21613016256943
79.5,79.53508196612796,35.08196612796155,imu,437.0,True,ok,6688.600959956568,340.7737542719191,6756.060264793232,323.7172759297487,69.58219069907835
80.0,80.02780447824497,27.804478244974007,imu,439.0,True,ok,6732.995225665233,343.4037994341084,6799.775928503119,326.2974737096377,68.93684538266658
80.0,80.03157876283692,31.578762836915075,magnetic,441.0,True,accepted,6736.098905699999,345.8482639839485,6799.775928503119,326.2974737096377,66.6107846629895
80.0,80.03287588754266,32.87588754265869,gravity,440.0,True,accepted,6748.886070395579,327.75550686235385,6799.775928503119,326.2974737096377,50.91074070252736
80.5,80.52985849892514,29.8584989251367,imu,443.0,True,ok,6793.410153257571,330.1540470172878,6843.498596093935,328.83149640873734,50.10590031008142
81.0,81.02060358554714,20.603585547135594,imu,445.0,True,ok,6837.946102848798,332.5097452529832,6887.22793956773,331.318573125252,49.29623029633565
81.0,81.0224787231568,22.478723156794445,magnetic,446.0,True,accepted,6828.707830316072,327.18465640711116,6887.22793956773,331.318573125252,58.665939473074346
81.5,81.53581030760749,35.810307607491154,imu,448.0,True,ok,6873.156442475263,329.39095314930034,6930.963628893012,333.75801068829367,57.971906929867984
82.0,82.01265964570581,12.659645705809908,gravity,451.0,True,accepted,6873.845840084986,328.6101776734935,6974.705332105286,336.1491948647328,101.14086172661793
82.0,82.0328209854821,32.82098548210399,magnetic,452.0,True,accepted,6877.731473958113,330.3744696420622,6974.705332105286,336.1491948647328,97.14564640448567
82.0,82.03522206094777,35.222060947774025,imu,450.0,True,ok,6922.224383262156,332.5401828953089,6974.705332105286,336.1491948647328,52.6048948185498
82.5,82.52507672150607,25.076721506067656,imu,454.0,True,ok,6966.717660985331,334.65020288845943,7018.452715408165,338.4915913052145,51.87747219267686
83.0,83.03143654328551,31.436543285508378,imu,456.0,True,ok,7011.217499557806,336.7029891582957,7062.205443275054,340.7847462263465,51.15106201513116
83.0,83.03994069248981,39.94069248980736,magnetic,457.0,True,accepted,7013.451196621887,337.5611467831604,7062.205443275054,340.7847462263465,48.86070159226056
83.5,83.5317980970198,31.798097019802185,imu,459.0,True,ok,7057.979758129548,339.5767685290244,7105.963178551348,343.0282868271807,48.107396665562426
84.0,84.02159321394842,21.593213948420953,magnetic,463.0,True,accepted,7077.499260759954,346.68701705432545,7149.725582557143,345.2219214392314,72.24117984579436
84.0,84.02381811256151,23.818112561514226,imu,461.0,True,ok,7122.233128628399,348.79688381234706,7149.725582557143,345.2219214392314,27.72391348625414
84.0,84.03669676437094,36.69676437094438,gravity,462.0,True,accepted,7153.602708769668,321.8840269670605,7149.725582557143,345.2219214392314,23.657756150193904
84.5,84.53570949114112,35.70949114111954,imu,465.0,True,ok,7198.590543677422,323.63504554870684,7193.492315190389,347.3654394103984,24.271866976749145
85.0,85.03245670841622,32.456708416219726,imu,467.0,True,ok,7243.586309860653,325.3317316228633,7237.263035030497,349.458710724286,24.941830829716054
85.0,85.03609798952357,36.097989523568685,magnetic,468.0,True,accepted,7267.687809415859,331.07195763041864,7237.263035030497,349.458710724286,35.549115118874965
85.5,85.52812581562438,28.125815624377992,imu,470.0,True,ok,7312.934729028917,332.8490596973169,7281.037399442336,351.5016853575239,36.9507791362344
86.0,86.01415680052719,14.156800527189262,gravity,473.0,True,accepted,7284.3225833923725,354.45050109159064,7324.815064680602,353.49439237879824,40.50376753770273
86.0,86.0228529222587,22.852922258707054,imu,472.0,True,ok,7329.361843162801,356.4170367989412,7324.815064680602,353.49439237879824,5.405094353735609
86.0,86.04985744924977,49.85744924977098,magnetic,474.0,True,accepted,7307.992458590268,352.79833327557054,7324.815064680602,353.49439237879824,16.837000146870306
86.5,86.54399459085484,43.9945908548367,imu,476.0,True,ok,7352.826494533267,354.61498979475414,7368.595685994527,355.43693879438786,15.790598452873528
87.0,87.02716454183043,27.164541830430267,magnetic,479.0,True,accepted,7330.249581010849,350.799621978908,7412.378917732896,357.3295081460638,82.38851475636258
87.0,87.03222402183746,32.224021837464534,imu,478.0,True,ok,7374.865969450784,352.4651136969071,7412.378917732896,357.3295081460638,37.827022380480926
87.5,87.52453409202282,24.534092022818754,imu,481.0,True,ok,7419.492612028912,354.07838110390094,7456.164413449333,359.1723588682482,37.023906180769664
88.0,88.02665997634672,26.659976346721237,gravity,484.0,True,accepted,7430.901126064615,345.96282714303885,7499.951826007829,360.9658224123327,70.66179328108159
88.0,88.03394425602708,33.94425602708395,magnetic,485.0,True,accepted,7442.680249375226,347.4525582490644,7499.951826007829,360.9658224123327,58.84421635411987
88.0,88.05655988817794,56.55988817794366,imu,483.0,True,ok,7487.521422025938,348.9663102192568,7499.951826007829,360.9658224123327,17.277246193326256
88.5,88.5215571638875,21.557163887493402,imu,487.0,True,ok,7532.365909656196,350.4326901929899,7543.74080768849,362.7103011470298,16.73702590019666
89.0,89.02693605141157,26.93605141156752,imu,489.0,True,ok,7577.205977516431,351.8516359721582,7587.531010293451,364.4062660445572,16.25500040299372
89.0,89.03353278178245,33.53278178245489,magnetic,490.0,True,accepted,7552.552431133464,349.04166729012366,7587.531010293451,364.4062660445572,38.20434392757215
89.5,89.52294980097494,22.949800974942036,imu,492.0,True,ok,7597.154869040571,350.3222285474312,7631.322085252941,366.0542541633455,37.615093960837775
90.0,90.03303884738125,33.03884738124907,gravity,495.0,True,accepted,7607.199959180388,343.7411297354549,7675.1136837314625,367.6548659387936,72.00097750449028
90.0,90.03342069522365,33.42069522365421,magnetic,496.0,True,accepted,7603.144665092185,343.37053004325793,7675.1136837314625,367.6548659387936,75.95570165423946
90.0,90.03371626866105,33.716268661052595,imu,494.0,True,ok,7647.787935545106,344.5177715540314,7675.1136837314625,367.6548659387936,35.80532991767515
90.5,90.52771675618652,27.716756186521252,imu,498.0,True,ok,7692.43508920327,345.6015121754893,7718.905456734049,369.2087622943864,35.468050628568484
91.0,91.02033871295582,20.33871295581946,imu,500.0,True,ok,7737.083027450245,346.63017466885617,7762.697055212571,370.71666158621844,35.16016595850315
91.0,91.02782017449064,27.820174490642557,magnetic,501.0,True,accepted,7744.1369687190245,347.24845660214004,7762.697055212571,370.71666158621844,29.9204521326577
91.5,91.52215857799833,22.158577998325768,imu,503.0,True,ok,7788.844731244473,348.25195088165685,7806.488130172062,372.179336394641,29.728930408021554
92.0,92.02089413188273,20.89413188272715,imu,505.0,True,ok,7833.554666410671,349.2055518413238,7850.278332777023,373.5976101773625,29.57454186630378
92.0,92.02396101613886,23.961016138855484,gravity,506.0,True,accepted,7815.632754639335,360.085096611728,7850.278332777023,373.5976101773625,37.18741867024527
92.0,92.04188263189627,41.882631896271505,magnetic,507.0,True,accepted,7825.90423150523,360.8515816139241,7850.278332777023,373.5976101773625,27.50560046513438
92.5,92.54088443144015,40.88443144014775,imu,509.0,True,ok,7870.569526171753,361.8988434530851,7894.067314457684,374.9723537988788,26.88982571702576
93.0,93.03806205727643,38.0620572764343,magnetic,512.0,True,accepted,7873.301624653673,362.0998197665998,7937.85472701618,376.3044819515917,66.09746933441602
93.0,93.04768863183824,47.688631838241236,imu,511.0,True,ok,7917.986974544296,363.1029700445494,7937.85472701618,376.3044819515917,23.8538781944538
93.5,93.5095384074611,9.538407461093357,imu,514.0,True,ok,7962.672682567947,364.0639499254479,7981.640222732616,377.5949494843872,23.29926026641944
94.0,94.02626364761629,26.26364761628963,magnetic,518.0,True,accepted,7959.744174222991,363.8474155318329,8025.423454470986,378.84474765478757,67.36978421147619
94.0,94.02627645988647,26.276459886474868,gravity,517.0,True,accepted,7967.110618594498,359.52876610062344,8025.423454470986,378.84474765478757,61.42877152734726
94.0,94.03093575853373,30.93575853372954,imu,516.0,True,ok,8011.822586947533,360.3913514435059,8025.423454470986,378.84474765478757,22.924036056529694
94.5,94.5341779801566,34.17798015659912,imu,520.0,True,ok,8056.53585548438,361.2089106370397,8069.204075784912,380.05490032106104,22.708041147422904
95.0,95.02009614867931,20.09614867931475,imu,522.0,True,ok,8101.249035195035,361.98131784624127,8112.981741023177,381.2264600908728,22.539562685771713
95.0,95.04590460575983,45.90460575983002,magnetic,523.0,True,accepted,8069.211699982898,359.6691453087411,8112.981741023177,381.2264600908728,48.790719540540316
95.5,95.53099925211453,30.999252114526143,imu,525.0,True,ok,8113.629138372154,360.2946747126503,8156.756105435015,382.36050444318283,48.44415475305571
96.0,96.00749817233199,7.498172331992237,imu,527.0,True,ok,8158.04925765944,360.87776187138934,8200.526825275123,383.4581318401477,48.106307886502236
96.0,96.02682592472506,26.825924725059735,magnetic,529.0,True,accepted,8150.570365585676,360.297381413478,8200.526825275123,383.4581318401477,55.06421909942812
96.0,96.03039993755398,30.399937553980294,gravity,528.0,True,accepted,8207.535799316716,327.95466154364607,8200.526825275123,383.4581318401477,55.9442663020114
96.5,96.5329029643319,32.9029643318961,imu,531.0,True,ok,8252.324537888206,328.13748479864125,8244.29355790837,384.5204578457579,56.95205254482414
97.0,97.01833644033188,18.33644033187909,imu,533.0,True,ok,8297.103022074236,328.27867383652773,8288.055961914164,385.5486112678435,57.98012617204954
97.0,97.02506494336308,25.064943363076964,magnetic,534.0,True,accepted,8305.929897433063,328.9996202011248,8288.055961914164,385.5486112678435,59.306542316995646
97.5,97.53581258811153,35.812588111525656,imu,536.0,True,ok,8350.783672526923,329.1304083875126,8331.813697190459,386.5437303399086,60.46610208931553
98.0,98.01817666404506,18.176664045057578,magnetic,540.0,True,accepted,8345.614494746362,328.6978170687384,8375.566425057346,387.50695895900844,65.99722190534987
98.0,98.02601155300366,26.011553003655763,imu,538.0,True,ok,8390.423599351756,328.780672102397,8375.566425057346,387.50695895900844,60.576500360944266
98.0,98.026950620785,26.950620785001433,gravity,539.0,True,accepted,8364.342722734777,342.9935637648297,8375.566425057346,387.50695895900844,45.906577366852304
98.5,98.536985262648,36.985262648002504,imu,542.0,True,ok,8408.952118806254,343.19002091125026,8419.313808360224,388.4394429955665,46.42062913595067
99.0,99.01658665836248,16.58665836248474,imu,544.0,True,ok,8453.56013636305,343.35305836533615,8463.055511572498,389.34232669064045,46.95929036372926
99.0,99.03348836152443,33.488361524433685,magnetic,545.0,True,accepted,8426.12923767297,340.5768020920012,8463.055511572498,389.34232669064045,61.16883269675353
99.5,99.53387534532736,33.875345327359696,imu,547.0,True,ok,8470.485806371327,340.6142692552441,8506.791200897782,390.2167491556892,61.46940445453802
100.0,100.02257986774751,22.579867747509752,imu,549.0,True,ok,8514.843478235964,340.62089661760353,8550.520544371577,391.0638409893703,61.784655740224615
100.0,100.02918524937277,29.185249372773114,gravity,550.0,True,accepted,8523.613202340279,335.8822737093561,8550.520544371577,391.0638409893703,61.39226679857965
100.0,100.03155481819137,31.554818191366962,magnetic,551.0,True,accepted,8548.822328087226,338.85393717479366,8550.520544371577,391.0638409893703,52.2375152057961
100.5,100.53892831620284,38.928316202841984,imu,553.0,True,ok,8593.464262558524,338.8783835052528,8594.243211962392,391.8847210253101,53.012060698146975
101.0,101.02202972998042,22.0297299804173,imu,555.0,True,ok,8638.08937091339,338.8779741821949,8637.958875672279,392.6804932241398,53.802677296457986
101.0,101.03877763056003,38.77763056003403,magnetic,556.0,True,accepted,8620.184649479208,336.64994972179534,8637.958875672279,392.6804932241398,58.78218201062766
101.5,101.52661646404472,26.61646404472151,imu,558.0,True,ok,8664.643506644017,336.54702663599716,8681.667209636737,393.45224372238397,59.39705544244707
102.0,102.0335397764518,33.539776451803505,gravity,561.0,True,accepted,8618.789343869967,360.93445347396755,8725.367890223975,394.20103805002515,111.6496851419187
102.0,102.0347091159231,34.70911592310699,imu,560.0,True,ok,8662.889835219366,361.04597263803055,8725.367890223975,394.20103805002515,70.73023200607062
102.0,102.0351302696082,35.13026960820298,magnetic,562.0,True,accepted,8685.467483875775,364.2943413557771,8725.367890223975,394.20103805002515,49.86434531720319
102.5,102.51966467085472,19.664670854723454,imu,564.0,True,ok,8729.764260487455,364.47965656637786,8769.060596133499,394.92791852775406,49.71215798650412
103.0,103.0212640169755,21.264016975493405,magnetic,567.0,True,accepted,8730.610934809343,364.6046412144521,8812.745008493976,395.63390185405177,87.79989223155584
103.0,103.03624431797965,36.24431797965144,imu,566.0,True,ok,8774.904091541452,364.7657722041438,8812.745008493976,395.63390185405177,48.83417270612189
103.5,103.52197556526734,21.975565267339903,imu,569.0,True,ok,8819.194628222414,364.8974592741626,8856.420810960366,396.31997689134437,48.71512387997658
104.0,104.02264514519071,22.64514519070815,imu,571.0,True,ok,8863.488413748777,364.99625867818145,8900.08768981029,396.98710265952235,48.60988692504208
104.0,104.02998590758664,29.985907586635108,magnetic,573.0,True,accepted,8883.672877561921,368.2530714934254,8900.08768981029,396.98710265952235,33.09215327239143
104.0,104.04030752552065,40.30752552064598,gravity,572.0,True,accepted,8944.125333761824,336.61303412774896,8900.08768981029,396.98710265952235,74.72845666733164
104.5,104.52467683446922,24.676834469218534,imu,575.0,True,ok,8989.072989228713,336.4560535419036,8943.74533403959,397.6362065441349,76.14202155393873
105.0,105.02176747524943,21.767475249433232,magnetic,578.0,True,accepted,8980.91969567539,334.97346675649584,8987.393435457057,398.26818272555363,63.62491946057339
105.0,105.02218424646524,22.184246465243973,imu,577.0,True,ok,9025.788132512687,334.76459891282076,8987.393435457057,398.26818272555363,74.20820654789053
105.5,105.53776870614308,37.768706143083364,imu,580.0,True,ok,9070.649261794826,334.54122392716846,9031.031688778325,398.8838908343601,75.56143776059079
106.0,106.01895924472909,18.959244729089164,gravity,583.0,True,accepted,9021.423498360331,359.71207003123766,9074.659791718841,399.4841548371466,66.45240146421911
106.0,106.02604201720023,26.042017200225587,imu,582.0,True,ok,9065.888364596836,359.72259472820866,9074.659791718841,399.4841548371466,40.71755881746014
106.0,106.02988023768731,29.88023768730841,magnetic,584.0,True,accepted,9096.00229008539,366.1320906067359,9074.659791718841,399.4841548371466,39.59624256107581
106.5,106.54738967658083,47.389676580834816,imu,586.0,True,ok,9140.73767016014,366.2777975932045,9118.277445085967,400.0697621558387,40.575344476478115
107.0,107.0215737452204,21.573745220393903,imu,588.0,True,ok,9185.47063751558,366.4001023740576,9161.8843528701,400.6414630225546,41.578643585836865
107.0,107.03043470701103,30.434707011025353,magnetic,589.0,True,accepted,9199.723710523163,369.6059919437809,9161.8843528701,400.6414630225546,48.938915524129136
107.5,107.51826644865916,18.266448659161938,imu,591.0,True,ok,9244.576578267774,369.77977162127473,9205.480222334849,401.1999700709147,50.157291771473254
108.0,108.02333027939314,23.33027939313581,magnetic,595.0,True,accepted,9257.958493594677,372.87915884033805,9249.064764106199,401.7459581636095,30.205802876007944
108.0,108.02756720359885,27.567203598849233,imu,593.0,True,ok,9302.929932076218,373.1131804097343,9249.064764106199,401.7459581636095,61.00239570985097
108.0,108.03041205269463,30.41205269462921,gravity,594.0,True,accepted,9282.836730034622,383.2457786871523,9249.064764106199,401.7459581636095,38.507172362193664
108.5,108.53720584728515,37.20584728515064,imu,597.0,True,ok,9327.644995606735,383.5735398461175,9292.637692260661,402.2800644549344,39.69188015834364
109.0,109.01702955607698,17.029556076977315,magnetic,600.0,True,accepted,9323.178255493198,382.4013431836605,9336.19872441237,402.8028886859015,24.202389752979823
109.0,109.03126090164565,31.260901645651984,imu,599.0,True,ok,9367.93354367264,382.6944092576909,9336.19872441237,402.8028886859015,37.56926534278701
109.5,109.52457976520951,24.57976520950922,imu,602.0,True,ok,9412.681646149022,382.97470132951145,9379.747581799096,403.31499370845967,38.708914847436965
110.0,110.02477253912039,24.772539120391457,imu,604.0,True,ok,9457.422466446495,383.2330831458806,9423.283989367157,403.81690623428534,39.86388578941087
110.0,110.033444357424,33.444357424002646,gravity,605.0,True,accepted,9440.317485454472,391.76994467383014,9423.283989367157,403.81690623428534,20.863107913148163
110.0,110.05271572648994,52.71572648993583,magnetic,606.0,True,accepted,9447.968244671833,394.06065524168923,9423.283989367157,403.81690623428534,26.54236035805647
110.5,110.52509914992977,25.09914992977258,imu,608.0,True,ok,9492.635134597067,394.4349877156068,9466.80767585521,404.30911780256434,27.650607046436697
111.0,111.02720181597556,27.20181597555893,magnetic,611.0,True,accepted,9475.474959097292,389.1667618178351,9510.318373876878,404.79208596016656,38.18657235279524
111.0,111.02757973064939,27.579730649392786,imu,610.0,True,ok,9519.977466655977,389.4202499776541,9510.318373876878,404.79208596016656,18.154652703604576
111.5,111.52446494973205,24.46494973204949,imu,613.0,True,ok,9564.467502423826,389.6572066296367,9553.815820002192,405.26623564662924,18.897093037413622
112.0,112.01714165739519,17.141657395185916,imu,615.0,True,ok,9608.94477555479,389.88379278706543,9597.29975483784,405.73196077541365,19.66649272455768
112.0,112.01832823427686,18.32823427686492,magnetic,617.0,True,accepted,9613.13872670138,391.2664833439385,9597.29975483784,405.73196077541365,21.45047941222985
112.0,112.02969101186532,29.691011865324413,gravity,616.0,True,accepted,9620.370767941604,387.65047479155277,9597.29975483784,405.73196077541365,29.31231449439922
112.5,112.53391502472303,33.91502472302932,imu,619.0,True,ok,9664.938940362717,387.8565185857408,9640.769923106185,406.18962600198796,30.335527400759172
113.0,113.01763323405184,17.633234051842805,imu,621.0,True,ok,9709.49101626236,388.05617911314096,9684.226073723014,406.63956866842284,31.363349452503336
113.0,113.0317429301225,31.74293012250473,magnetic,622.0,True,accepted,9691.65220421223,381.600354353468,9684.226073723014,406.63956866842284,26.117229323822205
113.5,113.52685667594875,26.856675948749853,imu,624.0,True,ok,9736.019704256621,381.6748420017179,9727.667959874027,407.0821009133651,26.744727324010654
114.0,114.01674861869532,16.748618695316964,magnetic,628.0,True,accepted,9754.249280045231,388.4067726279158,9771.09533909002,407.5175119354875,25.475675893339236
114.0,114.02661826638453,26.618266384531353,imu,626.0,True,ok,9798.771908323979,388.59914514866733,9771.09533909002,407.5175119354875,33.52457436631844
114.0,114.03241200161858,32.4120016185816,gravity,627.0,True,accepted,9824.405942726107,375.94445706496316,9771.09533909002,407.5175119354875,61.95868182830551
114.5,114.5252774770113,25.277477011300675,imu,630.0,True,ok,9869.12269257249,375.99839048213886,9814.50797332074,407.9460703977991,63.27259921119776
115.0,115.03094938957851,30.949389578509567,imu,632.0,True,ok,9913.83377972918,376.044425983104,9857.905629007406,408.3680269595439,64.59700630247238
115.0,115.03200144535523,32.00144535523464,magnetic,633.0,True,accepted,9909.89757410545,374.41282644042127,9857.905629007406,408.3680269595439,62.097648887633206
115.5,115.51121352832223,11.213528322230104,imu,635.0,True,ok,9954.570729369065,374.42104688664506,9901.288077153837,408.78361692182386,63.402107587299696
116.0,116.02047545631558,20.47545631558023,imu,637.0,True,ok,9999.235775063758,374.4212542597027,9944.65509339622,409.19306297254786,64.71575922799464
116.0,116.0300477404026,30.04774040259406,magnetic,639.0,True,accepted,9998.320344561887,374.0240052172996,9944.65509339622,409.19306297254786,64.16246415207316
116.0,116.03905100024963,39.05100024962849,gravity,638.0,True,accepted,9968.12374859644,388.692960291922,9944.65509339622,409.19306297254786,31.161386150538117
116.5,116.53028099468591,30.280994685909945,imu,641.0,True,ok,10012.51950559252,388.8276884330449,9988.006458071455,409.596578015847,32.12843403081745
117.0,117.02120388308478,21.203883084780273,imu,643.0,True,ok,10056.902346459836,388.95770172270176,10031.341956284054,409.9943680706979,33.10400092096327
117.0,117.03056824938429,30.568249384288038,magnetic,644.0,True,accepted,10061.372960957611,391.0294454912749,10031.341956284054,409.9943680706979,35.51801697936904
117.5,117.52731249342591,27.312493425910134,imu,646.0,True,ok,10105.78417712514,391.19057234123545,10074.661377971608,410.3866352231701,36.5666167059288
118.0,118.0214773321703,21.47733217030634,magnetic,650.0,True,accepted,10118.95884818227,397.44096423174415,10117.964517968776,410.7735806164581,13.369642935972927
118.0,118.02160061580386,21.60061580386241,imu,648.0,True,ok,10163.483222371375,397.6982625448824,10117.964517968776,410.7735806164581,47.359438269093125
118.0,118.03974360174557,39.743601745570345,gravity,649.0,True,accepted,10168.212401630493,395.43223744416923,10117.964517968776,410.7735806164581,52.53766860845106
118.5,118.50860272470356,8.60272470356449,imu,652.0,True,ok,10212.761362310433,395.66345304386283,10161.251176069776,411.1554074626754,53.78940358715426
119.0,119.01696400662287,16.964006622870897,magnetic,655.0,True,accepted,10206.098219534877,392.2662545614826,10204.52115708937,411.53232406028076,19.330508526408465
119.0,119.03088850284101,30.888502841008858,imu,654.0,True,ok,10250.57393442028,392.43828974843984,10204.52115708937,411.53232406028076,49.85419186178923
119.5,119.53682481129842,36.82481129841619,imu,657.0,True,ok,10295.039286405996,392.6029691248848,10247.774270922324,411.9045468009688,51.054212259691695
120.0,120.02063964489558,20.639644895581455,imu,659.0,True,ok,10339.47849294544,392.7586456726504,10291.010332601309,412.2723031498972,52.24887936868822
120.0,120.03236404792702,32.36404792701819,magnetic,661.0,True,accepted,10331.035461657115,388.16670203183185,10291.010332601309,412.2723031498972,46.72355895260141
120.0,120.03352527114005,33.525271140049995,gravity,660.0,True,accepted,10330.659770254346,388.34478804282287,10291.010332601309,412.2723031498972,46.30986812118296
