run,terminal_error_m,rmse_m,availability_fraction,alert_fraction,hmi_proxy_fraction,max_error_m,max_protection_proxy_m
0,6.8187351901820294,74.39852929479767,1.0,0.0,0.0,162.3947654007167,148.66825973801338
1,54.84799272350078,81.63408338810223,1.0,0.0,0.0,198.7275396374786,162.67211230285295
2,119.73139949633374,90.95379890434843,1.0,0.0,0.0,246.24001307839734,189.1167644490726
3,39.89681308003871,68.88663919438706,1.0,0.0,0.0,210.42487587361094,142.22026328817486
4,93.07794031457625,68.57187685636727,1.0,0.0,0.0,260.528054938918,169.93352277297137
5,159.51851330204218,82.25993537247071,1.0,0.0,0.0,188.65387074019162,150.42287776311653
6,145.50586608259368,114.94055795263114,1.0,0.0,0.00749375520399667,351.0460873294223,233.02057512829012
7,82.82828467513846,119.95560115712365,1.0,0.0,0.0,282.48303502206096,252.38447433258202
8,63.12677071008614,68.93610740538757,1.0,0.0,0.0,139.57339634486456,117.96451192645588
9,42.86621532768759,87.2758074585038,1.0,0.0,0.0,274.84731527156424,256.34715270326353
10,161.32909914807567,100.30986815180016,1.0,0.0,0.0,265.5031251498012,260.5786900915082
11,155.13571314093187,82.10577838224488,1.0,0.0,0.0,165.37740687655375,166.1463617206635
