mode,distance_km,ins_terminal_m,aided_terminal_m,ins_rmse_m,aided_rmse_m,terminal_improvement_pct,rmse_improvement_pct,gravity_updates_accepted,magnetic_updates_accepted,run
ins,51.17546350801081,3937.9382245573524,3937.9382245573524,1717.619408366404,1717.619408366404,0.0,0.0,0,0,0
ins,51.17546350801081,1509.3814331148874,1509.3814331148874,731.8386558534538,731.8386558534538,0.0,0.0,0,0,1
ins,51.17546350801081,7900.939662721193,7900.939662721193,3485.3598923953623,3485.3598923953623,0.0,0.0,0,0,2
ins,51.17546350801081,2433.644786731443,2433.644786731443,955.1304969951033,955.1304969951033,0.0,0.0,0,0,3
ins,51.17546350801081,3972.9581264605276,3972.9581264605276,1677.733173164773,1677.733173164773,0.0,0.0,0,0,4
ins,51.17546350801081,6443.550978068718,6443.550978068718,2969.7787355468245,2969.7787355468245,0.0,0.0,0,0,5
ins,51.17546350801081,5061.170119430424,5061.170119430424,2159.608384045123,2159.608384045123,0.0,0.0,0,0,6
ins,51.17546350801081,5377.770394349426,5377.770394349426,2357.3697475854974,2357.3697475854974,0.0,0.0,0,0,7
ins,51.17546350801081,5634.780877046545,5634.780877046545,2362.862292666222,2362.862292666222,0.0,0.0,0,0,8
ins,51.17546350801081,5421.534176435831,5421.534176435831,2391.090423774685,2391.090423774685,0.0,0.0,0,0,9
ins,51.17546350801081,3207.148871695056,3207.148871695056,1469.6442180699473,1469.6442180699473,0.0,0.0,0,0,10
ins,51.17546350801081,2230.7855112982247,2230.7855112982247,927.7633797977395,927.7633797977395,0.0,0.0,0,0,11
ins,51.17546350801081,4133.467260422028,4133.467260422028,1840.389510552101,1840.389510552101,0.0,0.0,0,0,12
ins,51.17546350801081,1438.7241382317147,1438.7241382317147,564.8292022910078,564.8292022910078,0.0,0.0,0,0,13
ins,51.17546350801081,2613.535916512719,2613.535916512719,1094.8800253660813,1094.8800253660813,0.0,0.0,0,0,14
ins,51.17546350801081,8738.790809173264,8738.790809173264,3796.6009335796125,3796.6009335796125,0.0,0.0,0,0,15
ins,51.17546350801081,5228.9324870926175,5228.9324870926175,2399.3052819389286,2399.3052819389286,0.0,0.0,0,0,16
ins,51.17546350801081,2477.25725722949,2477.25725722949,1042.6109268978962,1042.6109268978962,0.0,0.0,0,0,17
ins,51.17546350801081,4951.197015653071,4951.197015653071,2270.633887771192,2270.633887771192,0.0,0.0,0,0,18
ins,51.17546350801081,9359.828782991113,9359.828782991113,4028.7727817958785,4028.7727817958785,0.0,0.0,0,0,19
ins,51.17546350801081,6293.245287251844,6293.245287251844,2808.9232009235384,2808.9232009235384,0.0,0.0,0,0,20
ins,51.17546350801081,1537.2936410050215,1537.2936410050215,704.7437147113124,704.7437147113124,0.0,0.0,0,0,21
ins,51.17546350801081,4495.899999303477,4495.899999303477,1968.297330353247,1968.297330353247,0.0,0.0,0,0,22
ins,51.17546350801081,9338.203908551845,9338.203908551845,4171.394497389869,4171.394497389869,0.0,0.0,0,0,23
ins,51.17546350801081,2494.8466700835493,2494.8466700835493,986.688755690568,986.688755690568,0.0,0.0,0,0,24
gravity,51.17546350801081,3937.9382245573524,101.63913742554227,1717.619408366404,150.6116117720232,97.41897582872909,91.2313745968167,301,0,0
gravity,51.17546350801081,1509.3814331148874,67.77595527893288,731.8386558534538,86.62214446973415,95.50968669734696,88.16376481661557,301,0,1
gravity,51.17546350801081,7900.939662721193,59.65534673970482,3485.3598923953623,166.9463670583994,99.24495883671692,95.21006804999804,301,0,2
gravity,51.17546350801081,2433.644786731443,171.77203940513556,955.1304969951033,109.03901465762223,92.94177850680347,88.58386210044958,301,0,3
gravity,51.17546350801081,3972.9581264605276,107.3581425158496,1677.733173164773,179.25006520394243,97.29777815172963,89.3159372377542,301,0,4
gravity,51.17546350801081,6443.550978068718,38.72094498016556,2969.7787355468245,101.79269590353913,99.39907443718602,96.5723811445907,301,0,5
gravity,51.17546350801081,5061.170119430424,173.07930668774617,2159.608384045123,155.66064637529956,96.5802511552956,92.79218178974956,301,0,6
gravity,51.17546350801081,5377.770394349426,411.7372249093528,2357.3697475854974,146.94603123695862,92.34371877717248,93.76652596023743,301,0,7
gravity,51.17546350801081,5634.780877046545,126.5733019453184,2362.862292666222,82.88114873417321,97.75371385849415,96.49234113255703,301,0,8
gravity,51.17546350801081,5421.534176435831,50.60187097235411,2391.090423774685,130.72778568981397,99.06665033686792,94.53271259045732,301,0,9
gravity,51.17546350801081,3207.148871695056,339.34939600247816,1469.6442180699473,206.7833761086635,89.41896963382545,85.92969825171511,301,0,10
gravity,51.17546350801081,2230.7855112982247,217.50300118547327,927.7633797977395,132.64030766567333,90.24993662170168,85.70321802369585,301,0,11
gravity,51.17546350801081,4133.467260422028,135.6772407247959,1840.389510552101,133.48450674280622,96.71759246713029,92.74694264570319,301,0,12
gravity,51.17546350801081,1438.7241382317147,202.361896953119,564.8292022910078,134.53996159982643,85.93462835746713,76.18041683147439,301,0,13
gravity,51.17546350801081,2613.535916512719,33.058650186756964,1094.8800253660813,135.90059080402796,98.73509868458714,87.58762716868557,301,0,14
gravity,51.17546350801081,8738.790809173264,68.54673854978822,3796.6009335796125,140.88635075678658,99.21560385130363,96.28914512687663,301,0,15
gravity,51.17546350801081,5228.9324870926175,107.74120396723188,2399.3052819389286,106.79140683941286,97.93951816679244,95.5490696559834,301,0,16
gravity,51.17546350801081,2477.25725722949,214.11825382587577,1042.6109268978962,123.21962122549945,91.35664036502446,88.18162959483674,301,0,17
gravity,51.17546350801081,4951.197015653071,89.72099449001259,2270.633887771192,132.86335179684346,98.18789286295087,94.14862287961097,301,0,18
gravity,51.17546350801081,9359.828782991113,79.86520207085722,4028.7727817958785,130.7892116611939,99.14672368562991,96.75362154321115,301,0,19
gravity,51.17546350801081,6293.245287251844,78.04056177226265,2808.9232009235384,121.55552477036137,98.75993135162953,95.67252231280672,301,0,20
gravity,51.17546350801081,1537.2936410050215,58.86073796782597,704.7437147113124,115.02363783093735,96.17114542090052,83.67865715864453,301,0,21
gravity,51.17546350801081,4495.899999303477,176.3229551080666,1968.297330353247,159.09742791202007,96.07813885683882,91.91700230150354,301,0,22
gravity,51.17546350801081,9338.203908551845,178.23616738914276,4171.394497389869,152.60703929534995,98.09132281609405,96.34158218814261,301,0,23
gravity,51.17546350801081,2494.8466700835493,122.34789124419324,986.688755690568,131.04475624496118,95.09597552782289,86.71873420172453,301,0,24
magnetic,51.17546350801081,3937.9382245573524,233.2464782756992,1717.619408366404,106.58688214829046,94.07693912461215,93.79449943164863,0,601,0
magnetic,51.17546350801081,1509.3814331148874,189.73647981530485,731.8386558534538,130.23225960324896,87.42952075250133,82.20478536332917,0,601,1
magnetic,51.17546350801081,7900.939662721193,91.76313432850246,3485.3598923953623,129.80214193668428,98.83857948236884,96.27578941790496,0,601,2
magnetic,51.17546350801081,2433.644786731443,59.77854066600508,955.1304969951033,114.18813642083695,97.54366204172746,88.04476071279478,0,601,3
magnetic,51.17546350801081,3972.9581264605276,134.05248213642682,1677.733173164773,115.11145288881605,96.6258772967272,93.13887007004357,0,601,4
magnetic,51.17546350801081,6443.550978068718,406.8240931593527,2969.7787355468245,204.7374529853193,93.68633701286728,93.10596946046147,0,601,5
magnetic,51.17546350801081,5061.170119430424,232.2273849377213,2159.608384045123,152.1757307934761,95.41158705481617,92.95354973069523,0,601,6
magnetic,51.17546350801081,5377.770394349426,26.13036653546514,2357.3697475854974,164.25920738203632,99.51410408739426,93.03209827180159,0,601,7
magnetic,51.17546350801081,5634.780877046545,261.2361971660699,2362.862292666222,119.08995241520276,95.36386236011015,94.95992835533283,0,601,8
magnetic,51.17546350801081,5421.534176435831,307.2791989281679,2391.090423774685,138.5489770072706,94.33224639136783,94.20561532806649,0,601,9
magnetic,51.17546350801081,3207.148871695056,62.880724980086434,1469.6442180699473,142.08782204164345,98.03935746372595,90.33182179097439,0,601,10
magnetic,51.17546350801081,2230.7855112982247,132.29552199473773,927.7633797977395,81.8805324192238,94.06955436438409,91.17441642964239,0,601,11
magnetic,51.17546350801081,4133.467260422028,44.256037957947875,1840.389510552101,168.7947048117555,98.9293240959787,90.8283162969605,0,601,12
magnetic,51.17546350801081,1438.7241382317147,56.24736788998875,564.8292022910078,183.9933444044393,96.09046888174683,67.42495896845585,0,601,13
magnetic,51.17546350801081,2613.535916512719,241.43097595743248,1094.8800253660813,177.18324000786828,90.76228589658804,83.81710909844887,0,601,14
magnetic,51.17546350801081,8738.790809173264,112.35597503309938,3796.6009335796125,87.51952975424095,98.71428464776663,97.69479249240653,0,601,15
magnetic,51.17546350801081,5228.9324870926175,22.023782754748524,2399.3052819389286,161.9841646641245,99.57880919654033,93.2487055364117,0,601,16
magnetic,51.17546350801081,2477.25725722949,83.51277176975591,1042.6109268978962,153.60961581567918,96.6288211881896,85.26683234821667,0,601,17
magnetic,51.17546350801081,4951.197015653071,34.47848192955729,2270.633887771192,163.55397871347978,99.30363340782937,92.79699032088256,0,601,18
magnetic,51.17546350801081,9359.828782991113,268.84308138116427,4028.7727817958785,123.4152613470438,97.1276923155933,96.93665371488063,0,601,19
magnetic,51.17546350801081,6293.245287251844,167.9801498308619,2808.9232009235384,186.4298013868207,97.33078654710731,93.36294415861833,0,601,20
magnetic,51.17546350801081,1537.2936410050215,84.3579744477172,704.7437147113124,110.53479262291691,94.51256596673572,84.31560433735889,0,601,21
magnetic,51.17546350801081,4495.899999303477,100.84042584835164,1968.297330353247,73.54448195999548,97.75705807816067,96.26354815271753,0,601,22
magnetic,51.17546350801081,9338.203908551845,67.7513975211643,4171.394497389869,125.97275949253154,99.27447078491059,96.98008041264485,0,601,23
magnetic,51.17546350801081,2494.8466700835493,194.56859741021708,986.688755690568,150.6273048866975,92.20118014692657,84.73406086590337,0,601,24
fused,51.17546350801081,3937.9382245573524,6.8187351901680575,1717.619408366404,74.39852929479818,99.82684504425067,95.66850904615958,301,601,0
fused,51.17546350801081,1509.3814331148874,54.8479927234935,731.8386558534538,81.63408338810235,96.3661940235806,88.84534415677969,301,601,1
fused,51.17546350801081,7900.939662721193,119.73139949633374,3485.3598923953623,90.9537989043484,98.48459291416616,97.39040438541802,301,601,2
fused,51.17546350801081,2433.644786731443,39.89681308003891,955.1304969951033,68.88663919438582,98.3606147742858,92.78772488041088,301,601,3
fused,51.17546350801081,3972.9581264605276,93.07794031457563,1677.733173164773,68.57187685636704,97.65721315574251,95.91282583230935,301,601,4
fused,51.17546350801081,6443.550978068718,159.51851330204215,2969.7787355468245,82.25993537247103,97.52436949990805,97.23009884918835,301,601,5
fused,51.17546350801081,5061.170119430424,145.50586608259758,2159.608384045123,114.94055795263134,97.12505482627459,94.6777129223152,301,601,6
fused,51.17546350801081,5377.770394349426,82.8282846751324,2357.3697475854974,119.95560115712259,98.45980250919298,94.91146430126265,301,601,7
fused,51.17546350801081,5634.780877046545,63.126770710087,2362.862292666222,68.93610740538637,98.8796943113221,97.08251692790782,301,601,8
fused,51.17546350801081,5421.534176435831,42.86621532767502,2391.090423774685,87.2758074585043,99.20933422288493,96.34995788571112,301,601,9
fused,51.17546350801081,3207.148871695056,161.32909914808238,1469.6442180699473,100.30986815179897,94.96970344682452,93.17454749126058,301,601,10
fused,51.17546350801081,2230.7855112982247,155.13571314093178,927.7633797977395,82.10577838224552,93.04569119912163,91.15013804488109,301,601,11
fused,51.17546350801081,4133.467260422028,76.47120337212829,1840.389510552101,73.12866666897521,98.14995018578372,96.02645710325542,301,601,12
fused,51.17546350801081,1438.7241382317147,33.64571247603601,564.8292022910078,93.71739659689696,97.66142017208463,83.40783440077652,301,601,13
fused,51.17546350801081,2613.535916512719,32.31169875236966,1094.8800253660813,100.5798615257764,98.76367879437893,90.81361800420582,301,601,14
fused,51.17546350801081,8738.790809173264,76.39875120248438,3796.6009335796125,73.0220640987311,99.12575145840215,98.07664631136561,301,601,15
fused,51.17546350801081,5228.9324870926175,53.16247205853951,2399.3052819389286,66.23848163764104,98.98330161673022,97.23926412631775,301,601,16
fused,51.17546350801081,2477.25725722949,38.30464754974205,1042.6109268978962,75.90538559598428,98.45374769059791,92.71968251648511,301,601,17
fused,51.17546350801081,4951.197015653071,85.1504265001483,2270.633887771192,95.96982423381723,98.2802052467121,95.77343468928761,301,601,18
fused,51.17546350801081,9359.828782991113,76.05932104404647,4028.7727817958785,84.40682334904027,99.18738555151498,97.90489988091574,301,601,19
fused,51.17546350801081,6293.245287251844,66.77654837118715,2808.9232009235384,91.10039919217319,98.93891711949547,96.75675008977744,301,601,20
fused,51.17546350801081,1537.2936410050215,47.70695984730262,704.7437147113124,73.07910304924737,96.89669178517426,89.63040016906243,301,601,21
fused,51.17546350801081,4495.899999303477,50.97349240560061,1968.297330353247,74.50164983699673,98.8662227270736,96.2149189206274,301,601,22
fused,51.17546350801081,9338.203908551845,88.41776841297144,4171.394497389869,77.51838938260182,99.05316087248856,98.14166726663933,301,601,23
fused,51.17546350801081,2494.8466700835493,61.51457086086912,986.688755690568,88.39847702561632,97.53433461067934,91.04089546822213,301,601,24
