time_s,truth_x_m,truth_y_m,ins_x_m,ins_y_m,aided_x_m,aided_y_m,cai_phase_rad,Tzz_measured_E,Tzz_true_E
0.0,0.0,0.0,0.0,0.0,0.0,0.0,,,
0.5,136.0,0.0,135.99903332662993,0.000535751754757429,135.40110534828267,0.2402803815939483,-0.02022046720976568,-40.18974849145974,-44.384952691511394
1.0,272.0001745240644,0.0009409929270644727,272.00335258694423,0.004569444480145089,271.40525855194176,0.24438065623686187,,,
1.5,408.0008725671602,0.004702741377138412,408.0131034647603,0.01755491230339972,407.41484336843257,0.25743270785012723,,,
2.0,544.0024429647854,0.01315834674461322,544.022293701434,0.044274269287451325,543.8495046256015,-2.4330889290341884,-0.030843583861047567,-61.30401761202001,-45.35467484633977
2.5,680.0052342867106,0.028169836960592512,680.0255784404951,0.08173844184025528,679.8530951215074,-2.398566176768586,,,
3.0,816.0095947308006,0.05158379690951875,816.0182769537081,0.12922824858633408,815.8460994399792,-2.35401812674194,,,
3.5,952.0158720169508,0.0852270583349198,952.0051801340334,0.19296609220817948,951.8333084739771,-2.293222376271758,,,
4.0,1088.0244132811677,0.13090246578584086,1087.9943885226562,0.2784905095607941,1086.7533079548532,-4.642343106583594,-0.025593767423676195,-50.86959984830051,-44.37345600576036
4.5,1224.035564969828,0.1903847348242602,1223.9932328977852,0.3813116016771783,1222.750118349791,-4.547787335146296,,,
5.0,1360.0496727341488,0.26541641831191853,1359.9934916501948,0.4996935047369156,1358.7483426446852,-4.437672285366935,,,
5.5,1496.0670813248964,0.3577039961243132,1495.9965756975944,0.6431305851002181,1494.749391757246,-4.302503590885299,,,
6.0,1632.0881344873746,0.4689141031022084,1632.0129967854375,0.8077965882643027,1634.1113903894234,1.398335155227528,-0.01600833651083729,-31.81781169855859,-40.29294041130353
6.5,1768.1131748567145,0.6006699094492881,1768.036881657913,0.9952161219952927,1770.14402975676,1.5953691437444981,,,
7.0,1904.1425438535061,0.7545476671212,1904.0661176249696,1.2086976302247618,1906.1820233738752,1.8184695982277672,,,
7.5,2040.1765815797971,0.9320734350291615,2040.103841959334,1.444870859263281,2042.2285085134959,2.064266264987906,,,
8.0,2176.2156267154955,1.134719995103733,2176.1485591871033,1.7108997839373585,2191.305047504379,22.553969946800567,-0.0060722662071621405,-12.06910053597444,-32.76484649558381
8.5,2312.2600164152027,1.363903970434769,2312.200469197344,2.009911181151474,2327.4204584285635,22.947687731074904,,,
9.0,2448.3100862055157,1.6209831558256182,2448.2556611424066,2.3431703953750302,2463.539179011287,23.375696039131352,,,
9.5,2584.3661698828196,1.907254070177274,2584.3116112438765,2.7073921433282915,2599.6586854741363,23.834709587690174,,,
10.0,2720.4285994116112,2.2239497391554663,2720.381080632037,3.0950094448119607,2734.4597238679057,22.205830448883063,-0.011126290830382558,-22.11436686784111,-21.738395204951157
10.5,2856.497704823381,2.572237715594925,2856.4628646460305,3.5133505254702997,2870.5982826597365,22.708196641126918,,,
11.0,2992.5738141160796,2.953218344064672,2992.5470591854355,3.9716512605635756,3006.739275851737,23.250559082090295,,,
11.5,3128.657253154208,3.3679232749607797,3128.6359774501916,4.464989638571841,3142.885016643848,23.827995760253252,,,
12.0,3264.748345569555,3.8173142324133016,3264.731970137811,4.9875550285058825,3290.823214988392,44.828941174158075,0.0031412357449272744,6.243449927805763,-7.527615817792303
12.5,3400.847412662618,4.302282039196798,3400.834574372845,5.539717751811641,3427.0539143633036,45.588357098451866,,,
13.0,3536.954773304729,4.8236459007239345,3536.941987787847,6.125455412368491,3563.289495395659,46.381468408588084,,,
13.5,3673.0707438409254,5.3821529490839835,3673.0553780925725,6.74975489612591,3699.5311257952126,47.21326199051621,,,
14.0,3809.195637993587,5.978478046967602,3809.1782759993343,7.419182258350311,3831.1421355659795,38.85160288021579,0.003913511102149574,7.778407159551949,9.162079163192724
14.5,3945.329766766874,6.613223850201077,3945.314854159629,8.133413874537995,3967.3746620361785,39.70969966845004,,,
15.0,4081.473438351991,7.286921126502157,4081.4701863677133,8.892514893740316,4103.62598867406,40.612734835048876,,,
15.5,4217.626958033311,8.000029326970692,4217.639087581576,9.69644493506157,4239.890930437612,41.56066799911658,,,
16.0,4353.790628095379,8.752937405745335,4353.814886028843,10.542113559885138,4373.537522796641,35.91634825427168,0.013704698330563125,27.239151961367703,27.259474031998458
16.5,4489.964747730839,9.545964882197419,4490.001173983431,11.4365654143192,4509.798637257773,36.9032494159936,,,
17.0,4626.149612949292,10.379363138999453,4626.1974910425015,12.387888137899072,4646.069806373213,37.947041846977484,,,
17.5,4762.345516487128,11.253316948403096,4762.411364676269,13.389215901386,4782.358557613176,39.04085971798458,,,
18.0,4898.552747718364,12.167946218094361,4898.647977711724,14.435322904753303,4918.436000321156,39.28693358019956,0.02417691167296295,48.05348903942947,45.40880574920216
18.5,5034.771592566486,13.123307947066557,5034.896748081347,15.529827489809858,5054.757391392757,40.466230340640024,,,
19.0,5171.002333417362,14.119398381068065,5171.158791855775,16.671883405719942,5191.092078721674,41.69309044785656,,,
19.5,5307.245249033223,15.156155356346488,5307.4355014249695,17.86038908993913,5327.441454697867,42.966412339304746,,,
20.0,5443.500614467749,16.233460819626668,5443.7241205429855,19.096282741974743,5462.06230857698,26.93902867015887,0.02859298420550669,56.83077606063441,62.10035412011822
20.5,5579.768700982281,17.351143511530918,5580.025770323837,20.377872803227994,5598.4090733679395,28.14012054082,,,
21.0,5716.049775963201,18.50898179997897,5716.336621342685,21.699493517920395,5734.765019593975,29.3810507023893,,,
21.5,5852.344102840473,19.706706649495295,5852.653412559012,23.062982487998074,5871.12688621457,30.663656756812898,,,
22.0,5988.65194100741,20.94400471180558,5988.974679863047,24.47312311936184,6008.559216091025,20.413237504814983,0.03597853251103783,71.51012673001308,75.83414283786834
22.5,6124.973545741653,22.220521522624306,6125.30672138905,25.930705395668088,6144.934191487391,21.66982292661895,,,
23.0,6261.309168127412,23.535864789124094,6261.65685495319,27.433148421528628,6281.32722500233,22.970909617024045,,,
23.5,6397.659054978985,24.88960775223605,6398.026654861348,28.977096557853383,6417.739890941722,24.313141936940198,,,
24.0,6534.023448765578,26.281292607660696,6534.421418125787,30.56613272302559,6554.238172594621,25.50434423395778,0.04294455091031536,85.35562913851501,85.29286202182395
24.5,6670.402587537442,27.710433969272184,6670.838640178112,32.19299390085922,6690.698509417215,26.926604555433485,,,
25.0,6806.796704853363,29.176522358474948,6807.269572180766,33.84795378156127,6827.172522431801,28.37660071901252,,,
25.5,6943.206029709518,30.679027703022868,6943.717109700283,35.54528001302263,6963.663107204912,29.868600372585774,,,
26.0,7079.630786469718,32.21740282883593,7080.182993398721,37.282794989522344,7096.308245722766,38.409563446172804,0.046964617286323035,93.34582317778492,89.49665795341038
26.5,7216.071194797069,33.79108692844843,7216.666461945218,39.05055104192094,7232.808160736097,40.05317529988661,,,
27.0,7352.527469587058,35.399508989895615,7353.167793949951,40.853830294743155,7369.3258788766425,41.732089103431704,,,
27.5,7488.99982090209,37.04209117009111,7489.68345534403,42.698019880939476,7505.857866075508,43.45169198975859,,,
28.0,7625.488453907508,38.718252097064685,7626.218507186165,44.58257369603156,7618.938800270179,73.9460316492323,0.05326457763530544,105.86748349874374,87.91434810369931
28.5,7761.993568809095,40.427410085817336,7762.77711439192,46.50902975064984,7755.331923183569,76.0979926979209,,,
29.0,7898.515360792087,42.168986253006445,7899.361413544149,48.47349852836774,7891.750452921406,78.28841209150805,,,
29.5,8035.05401996172,43.942407516195935,8035.964901268564,50.47520497473762,8028.187886109398,80.51651477554609,,,
30.0,8171.609731285322,45.74710946399242,8172.5842926585365,52.516569154306104,8203.21399525012,47.83791486790464,0.03083016949443058,61.27735551688066,80.51287230668113
30.5,8308.182674535969,47.582539084035766,8309.224907837275,54.59259693308371,8340.009075623559,49.69991420528091,,,
31.0,8444.773024237724,49.44815733651815,8445.889130296488,56.70495521177079,8476.827932143946,51.59776969293369,,,
31.5,8581.38094961248,51.34344156166674,8582.572598023222,58.85031568301609,8613.666202798335,53.52815302351174,,,
32.0,8718.006614528405,53.26788771043743,8719.270130365847,61.02895940499608,8753.224652420682,53.64265663720559,0.032989904902331654,65.56999732140453,67.73802728284416
32.5,8854.650177450036,55.22101238852802,8855.97999479015,63.248096760803726,8890.11344757737,55.62195722262899,,,
33.0,8991.31179139,57.2023547047236,8992.702481356904,65.50450276710131,9027.01507121728,57.6379976838425,,,
33.5,9127.991603862412,59.21147791553201,9129.445118965392,67.80614531791734,9163.937052239688,59.69874591487461,,,
34.0,9264.689756837935,61.24797085904752,9266.207644157666,70.15466966683204,9341.382590429408,39.86775085189282,0.014673504304196072,29.16472905181828,50.43233514430839
34.5,9401.406386700539,63.31144917199302,9402.994777052249,72.53348124504905,9478.719643194638,41.714247926075146,,,
35.0,9538.141624205951,65.40155628492941,9539.804987587002,74.93831509865234,9616.08061732412,43.5855160479415,,,
35.5,9674.895594441836,67.51796419168191,9676.635444188618,77.37217495894726,9753.46268124455,45.48455894879725,,,
36.0,9811.668416789686,69.66037399011093,9813.498975838176,79.84293224937646,9928.014732350794,31.322738798302186,0.003391795683235157,6.741457258604038,29.70737469716465
36.5,9948.460204888455,71.8285161924456,9950.391765421484,82.35713813206674,10065.81079778625,33.08216719406787,,,
37.0,10085.271066599946,74.02215080449628,10087.30472967405,84.90973930694759,10203.628534090381,34.87814727685366,,,
37.5,10222.101103975956,76.24106717416277,10224.240714250014,87.49211531684668,10341.470786917327,36.70205858948722,,,
38.0,10358.950413227189,78.48508361075336,10361.198938878571,90.10137309849407,10479.259565259566,38.57868739250239,-0.0007531520251028323,-1.4969481244279899,6.795443319140694
38.5,10495.819084693947,80.75404677772048,10498.179506941904,92.73795803388451,10617.148648750215,40.45350431768387,,,
39.0,10632.707202818616,83.04783086249759,10635.184063829684,95.3955344825828,10755.063215772088,42.3474702990069,,,
39.5,10769.61484611994,85.36633652818334,10772.216657580893,98.08177633007895,10893.007314364171,44.26825922196146,,,
40.0,10906.542087169106,87.70948965285845,10909.267810466323,100.80798457192695,11002.388144587369,55.26444549510153,-0.005601599492563659,-11.133613898263173,-17.092616341910205
40.5,11043.488992567636,90.07723986333409,11046.3260197237,103.56882116616447,11140.07965467993,57.38641907839081,,,
41.0,11180.455622927104,92.46955887111203,11183.401269644253,106.36171926706929,11277.789098203293,59.5390383015972,,,
41.5,11317.442032850664,94.8864386192833,11320.502077730223,109.18689610312191,11415.524992659695,61.722520393201194,,,
42.0,11454.448270916428,97.32788924999831,11457.633292514842,112.04437788330554,11522.238594801382,73.403373581086,-0.015420571029320694,-30.6495821700784,-40.88041594123514
42.5,11591.47437966266,99.79393690300388,11594.792481426766,114.93317713400228,11659.724011932907,75.79076922140392,,,
43.0,11728.52039557483,102.28462135655721,11731.97091542203,117.85321632214706,11797.22885819933,78.20849563670826,,,
43.5,11865.586349074481,104.79999352278973,11869.169977751686,120.80130225827487,11934.754516851704,80.653359637534,,,
44.0,12002.672264509984,107.3401128103021,12006.39343358596,123.78351581391243,12055.870342109294,88.56339335366896,-0.029329678087186995,-58.295012347203965,-63.695232652817495
44.5,12139.778160149104,109.90504436742116,12143.641747708902,126.80107816640621,12193.278429836455,91.16182625031358,,,
45.0,12276.904048173446,112.49485622013873,12280.912681872063,129.85095971740012,12330.7089152662,93.79199078111148,,,
45.5,12414.04993467474,115.10961631927708,12418.209605317626,132.93767600847977,12468.16516764071,96.45840248764827,,,
46.0,12551.215819652985,117.74938951188446,12555.533045760378,136.05690026856067,12596.032089821321,103.16019167018781,-0.04098431644299921,-81.45951094260712,-84.88949722678763
46.5,12688.401697016452,120.4142344522549,12692.877488350872,139.19961242278052,12733.435528549388,105.9465752976789,,,
47.0,12825.607554583537,123.10420046828713,12830.238612159497,142.3676880965079,12870.85516647388,108.7579861009144,,,
47.5,12962.833374086473,125.81932439914604,12967.619357515816,145.57438350506345,13008.293943924367,111.6076802952149,,,
48.0,13100.07913117689,128.55962742036704,13105.021750341932,148.81743348971952,13154.887703024424,108.8283237070921,-0.05738690047262685,-114.06092019404095,-104.0209091714382
48.5,13237.344795433242,131.32511187264606,13242.440123537179,152.08785326076864,13292.461263261073,111.64843630030592,,,
49.0,13374.630330370064,134.1157581105874,13379.880515265111,155.3810539245064,13430.056636212783,114.49063310199966,,,
49.5,13511.935693449092,136.93152138763614,13517.349493768616,158.70307555283804,13567.680390122436,117.36095418407855,,,
50.0,13649.260836092213,139.77232879330268,13654.845125489475,162.05887339859171,13699.831342660254,126.51117977609583,-0.05877957978096684,-116.82897844664217,-120.80507493013056
50.5,13786.60570369627,142.63807625859482,13792.362791271426,165.44539208764607,13837.439923846185,129.54519422934757,,,
51.0,13923.970235649691,145.52862564530702,13929.896750355982,168.8728335509328,13975.064392511083,132.61982501251546,,,
51.5,14061.354365350953,148.4438019344805,14067.446845537965,172.3294581579265,14112.704591449778,135.72333249507412,,,
52.0,14198.75802022887,151.3833905289407,14205.014349663465,175.80877893411454,14250.915722889178,137.1236301100728,-0.06970523718488984,-138.54457080226553,-135.05794149111125
52.5,14336.181121764697,154.34713468434416,14342.600886451264,179.31994429909722,14388.599612943193,140.25401750522565,,,
53.0,14473.623585516052,157.3347330826258,14480.209576220495,182.8640307999634,14526.305281729637,143.4169152566474,,,
53.5,14611.085321142627,160.34583756113327,14617.83787133318,186.4330853430896,14664.03018161053,146.6043702707147,,,
54.0,14748.56623243372,163.38005101006897,14755.486427668677,190.01836296893805,14802.506602175526,158.3754444536831,-0.07179578203903154,-142.69969100925525,-146.64426277389504
54.5,14886.066217337539,166.43692545013732,14893.155518362257,193.63157717526371,14940.265531455583,161.73628523886035,,,
55.0,15023.585167992276,169.51596030151563,15030.839185594177,197.28090279512503,15078.038596475493,165.13332549283356,,,
55.5,15161.122970758975,172.6166008544377,15168.539506076797,200.95740408022962,15215.827873947614,168.55762946731033,,,
56.0,15298.679506256149,175.7382369508011,15306.262358992948,204.65714896745575,15353.322326058707,171.18400092349358,-0.0789755260961547,-156.96998975633232,-155.4437528676775
56.5,15436.254649396133,178.88020188528782,15444.010584521611,208.38220786427595,15491.156816260136,174.64498884935944,,,
57.0,15573.848269423197,182.04177153352728,15581.782646384363,212.13377000882213,15629.014701673474,178.13252207689365,,,
57.5,15711.460229953373,185.22216371383348,15719.571487903218,215.91164746463232,15766.888925620737,181.64641266963432,,,
58.0,15849.090389015995,188.42053778802085,15857.381685731203,219.71618215645063,15902.47951140971,181.42871920617716,-0.08251214391128533,-163.99929224603298,-161.34005265185044
58.5,15986.73859909695,191.6359945057497,15995.212364154168,223.5513122919753,16040.378264552664,184.9466309531175,,,
59.0,16124.40470718361,194.8675760957761,16133.060379213202,227.4084606636033,16178.293887596323,188.48640008691947,,,
59.5,16262.08855481144,198.1142666063885,16270.930892590752,231.2836181393115,16316.231542223126,192.04401747555997,,,
60.0,16399.789978112272,201.37499249620956,16408.81679892864,235.1771918195924,16443.679485609966,182.4937502143074,-0.08608479892744739,-171.10022147070288,-164.2310002114863
60.5,16537.508807864215,204.6486234754285,16546.720201088745,239.09095603493304,16581.568713594505,185.90945782726314,,,
61.0,16675.2448695432,207.9339735964173,16684.65002805415,243.02448598347019,16719.48373819638,189.3440858294246,,,
61.5,16812.997983376154,211.22980259157114,16822.600613704708,246.97029289862712,16857.418893295453,192.7901454542152,,,
62.0,16950.767964395745,214.53481745511212,16960.569557143775,250.92920168693107,16987.41773692785,188.01375035034323,-0.08511254681078421,-169.16779490342205,-164.0535276926762
62.5,17088.554622496744,217.84767426450304,17098.554502753974,254.8971805714413,17125.322980455294,191.3707601704328,,,
63.0,17226.35776249391,221.16698023604633,17236.552630870377,258.86836407283636,17263.24063560881,194.72971339816186,,,
63.5,17364.177184181463,224.49129600819205,17374.566601373346,262.8511792468061,17401.173362268764,198.09903708922033,,,
64.0,17502.01268239406,227.81913814505552,17512.595953847536,266.84433638167553,17541.24515415697,203.3581486564094,-0.08129697843225078,-161.5840565113059,-160.81378132118047
64.5,17639.864047069295,231.14898185165328,17650.63356208154,270.84443354243297,17679.217186251357,206.76649371948406,,,
65.0,17777.731063311683,234.47926389141023,17788.684070746425,274.846830426884,17817.201390150327,210.1759694380272,,,
65.5,17915.613511458116,237.8083856955756,17926.756780453183,278.84010894922426,17955.207066464864,213.57515772623447,,,
66.0,18053.51116714478,241.13471665331423,18064.856183386957,282.8270591992519,18115.22274202501,233.84845686416375,-0.07413687651951952,-147.3527980512189,-154.61301266135854
66.5,18191.423801375502,244.45659757041685,18202.986191558262,286.8081666353752,18253.465312846107,237.44454843688897,,,
67.0,18329.351180591493,247.77234428380305,18341.132667523707,290.7901039401749,18391.72409636611,241.04110449895887,,,
67.5,18467.293066742506,251.08025141827497,18479.295909053733,294.775965049955,18529.999390355464,244.64121898667747,,,
68.0,18605.249217359335,254.37859627132354,18617.48199414569,298.7592229448442,18720.284062898118,283.0801411663126,-0.06335082696476067,-125.91468713492804,-145.66198583214862
68.5,18743.21938562768,257.6656428111946,18755.67831400644,302.7421613508453,18859.025855652697,287.1005673302158,,,
69.0,18881.20332046333,260.93964577289114,18893.87973453482,306.7210457343699,18997.773690620423,291.1181888371135,,,
69.5,19019.20076658864,264.1988548363253,19032.08792004899,310.68957103727377,19136.529232119454,295.1267006288614,,,
70.0,19157.211464610307,267.4415188704375,19170.30121058467,314.6467504750639,19266.580911200745,294.0149573038668,-0.06680688949248281,-132.7838797366118,-134.2802067991337
70.5,19295.23515109836,270.66589022677647,19308.524082149885,318.5899415030203,19405.27949516626,297.940147359382,,,
71.0,19433.271558666424,273.8702290657821,19446.75920006737,322.51738593002455,19543.991054768398,301.85060903738855,,,
71.5,19571.320416053146,277.05280769883217,19585.003611332948,326.43006387071176,19682.712637002987,305.7473224525215,,,
72.0,19709.381448204855,280.21191492901147,19723.253092059535,330.32192326781745,19846.69887691832,322.78489512315207,-0.05395484766488452,-107.23944877492576,-120.88016265942674
72.5,19847.45437635932,283.3458603735284,19861.508504082987,334.1808232818027,19985.647922910848,326.78188475716365,,,
73.0,19985.53891813067,286.45297875075073,19999.77665870885,338.00484418280234,20124.611085870485,330.7455993093633,,,
73.5,20123.63478759542,289.5316341149487,20138.062271476738,341.806994724096,20263.593081336832,334.6890475330306,,,
74.0,20261.741695379555,292.5802240220278,20276.367550941104,345.5862473250414,20384.021639649,329.98757575788716,-0.0534392443092978,-106.21464707438072,-105.94002246797008
74.5,20399.859348746682,295.5971836097982,20414.686331061934,349.3321640593909,20522.880302873295,333.78054306480254,,,
75.0,20537.9874516872,298.5809895766663,20553.014188641046,353.04571618566433,20661.748923334508,337.5423695891647,,,
75.5,20676.125705008468,301.530164043041,20691.358937564088,356.7273937241282,20800.635314918294,341.2735453512401,,,
76.0,20814.27380642594,304.4432782802262,20829.727513890244,360.37655873130177,20905.473767270447,330.596115219075,-0.04878241884558529,-96.95884491048008,-89.97025867181776
76.5,20952.431450655236,307.3189562921122,20968.118901752277,363.9945492141406,21044.114940008796,334.1061658901065,,,
77.0,21090.59832950516,310.15587823558906,21106.526300592235,367.5839077566718,21182.77206390679,337.5881716053071,,,
77.5,21228.77413197155,312.9527836662721,21244.944021833286,371.15095363844114,21321.439450387603,341.0484516442224,,,
78.0,21366.958544332025,315.70847459685973,21383.379747920662,374.6913290800016,21437.390866254114,335.53618710309473,-0.039335166952108765,-78.18169828990563,-73.48015271368917
78.5,21505.151250241546,318.42181835622563,21521.833958332303,378.1943267047033,21575.89803431858,338.8349522382346,,,
79.0,21643.351930828787,321.0917502381839,21660.296305078813,381.66314551603256,21714.41263298399,342.09972063792287,,,
79.5,21781.560264793243,323.7172759297487,21798.77278199932,385.0951105402345,21852.94065608947,345.32781732840465,,,
80.0,21919.77592850313,326.2974737096377,21937.264772138784,388.4796567136379,22002.293979267713,352.6436288983699,-0.024822524749479675,-49.33669515424532,-56.94928042741384
80.5,22057.99859609395,328.83149640873734,22075.76899664624,391.82332544813784,22140.941990312243,355.829438636845,,,
81.0,22196.227939567743,331.318573125252,22214.28634875418,395.1286531830096,22279.60273821918,358.977284411499,,,
81.5,22334.463628893027,333.75801068829367,22352.815574366512,398.38325782472737,22418.27496889242,362.0747841288062,,,
82.0,22472.7053321053,336.1491948647328,22491.355011903597,401.586845223786,22534.46860317474,356.1482089374518,-0.023771418820700524,-47.24754051319359,-40.807246431164906
82.5,22610.952715408177,338.4915913052145,22629.898317967047,404.74282455889426,22672.95936073451,359.04750234318186,,,
83.0,22749.205443275067,340.7847462263465,22768.443273485078,407.8491243097402,22811.45070804809,361.89704398099576,,,
83.5,22887.463178551363,343.0282868271807,22906.99229181523,410.9090705946294,22949.945058473026,364.7001599691989,,,
84.0,23025.72558255716,345.2219214392314,23045.54831802541,413.9190520854176,23099.270835679356,372.3432788383152,-0.008705499394689172,-17.302855939754878,-25.42271043645828
84.5,23163.992315190404,347.3654394103984,23184.111310544307,416.87821829062085,23237.870645258743,375.10124543022647,,,
85.0,23302.26303503051,349.458710724286,23322.68072802464,419.79781852252444,23376.47614809762,377.8198352428414,,,
85.5,23440.53739944235,351.5016853575239,23461.251062059695,422.67487837268214,23515.081835789264,380.4960738677137,,,
86.0,23578.815064680613,353.49439237879824,23599.823838345794,425.50225952766067,23616.048964187423,361.353419494983,-0.015313264361164055,-30.436301835854024,-11.100680299449815
86.5,23717.09568599454,355.43693879438786,23738.397538450772,428.28390217717106,23754.332276451085,363.6806800128726,,,
87.0,23855.37891773291,357.3295081460638,23876.978406894304,431.01942399359797,23892.620864814482,365.96077269562767,,,
87.5,23993.664413449344,359.1723588682482,24015.575683006267,433.7035562260455,24030.923968607487,368.18842879235234,,,
88.0,24131.951826007837,360.9658224123327,24154.183749158296,436.3386107501266,24158.853167070993,361.9155465004204,-0.002356713231205244,-4.684150521650174,1.91442572022019
88.5,24270.240807688497,362.7103011470298,24292.796428919897,438.9239504580168,24297.078701495542,363.942159464917,,,
89.0,24408.531010293456,364.4062660445572,24431.412944123065,441.46074361242745,24435.305851055196,365.9186789073663,,,
89.5,24546.82208525295,366.0542541633455,24570.035622256986,443.9496846256124,24573.536943239145,367.84579924002225,,,
90.0,24685.113683731473,367.6548659387936,24708.659187247278,446.3938290446329,24717.555913477983,377.85172338645964,0.010349250797794042,20.569939473876357,13.433079401884754
90.5,24823.40545673406,369.2087622943864,24847.281639497112,448.8032722385682,24855.831966215155,379.793448729367,,,
91.0,24961.697055212582,370.71666158621844,24985.90202398604,451.1844988894115,24994.103922464434,381.7059026798083,,,
91.5,25099.988130172074,372.179336394641,25124.523727217893,453.53553352288725,25132.37516872965,383.5871097635077,,,
92.0,25238.278332777034,373.5976101773625,25263.148539442263,455.8498367743105,25265.948642660616,366.68188268695286,0.005803627252752477,11.535159757023557,23.315209616539583
92.5,25376.567314457694,374.9723537988788,25401.775268296602,458.12827715650576,25404.180115091094,368.2637198415458,,,
93.0,25514.85472701619,376.3044819515917,25540.404299996437,460.3751737310359,25542.41167641218,369.81181485927846,,,
93.5,25653.140222732625,377.5949494843872,25679.03402546666,462.59373057395936,25680.64171754876,371.32937181620923,,,
94.0,25791.423454470994,378.84474765478757,25817.664742047808,464.78139784039996,25819.446699086962,367.90354436150307,0.014362450340527572,28.546485148874677,31.46701815719092
94.5,25929.70407578492,380.05490032106104,25956.2946722746,466.9287084579554,25957.676975863524,369.28688698521086,,,
95.0,26067.981741023188,381.2264600908728,26094.91858181023,469.040286802793,26095.899022494676,370.63200111505364,,,
95.5,26206.256105435026,382.36050444318283,26233.53860784898,471.12921025617203,26234.114976174693,371.95196413229064,,,
96.0,26344.526825275134,383.4581318401477,26372.158139871673,473.1923932865333,26368.018846605846,383.5895536536653,0.0216851146681757,43.100849029914436,37.84071315105649
96.5,26482.79355790838,384.5204578457579,26510.775761484798,475.2245130971034,26506.19315527342,384.9700520714562,,,
97.0,26621.05596191417,385.5486112678435,26649.391977218165,477.2279102652264,26644.36374959133,386.3199509704482,,,
97.5,26759.313697190468,386.5437303399086,26788.007338591586,479.20838201107784,26782.531181079394,387.64504757081664,,,
98.0,26897.566425057357,387.50695895900844,26926.615874534356,481.16694782427635,26940.91160604444,358.1436715377304,0.01382497290108959,27.478207008376824,42.43648185366363
98.5,27035.81380836024,388.4394429955665,27065.21771620236,483.10228907106364,27079.22384686371,359.05980197875067,,,
99.0,27174.055511572515,389.34232669064045,27203.809409764286,485.01312633134546,27217.52413474624,359.94774078998626,,,
99.5,27312.2912008978,390.2167491556892,27342.396562438425,486.89452483713274,27355.818076910316,360.802553203448,,,
100.0,27450.520544371593,391.0638409893703,27480.989992031286,488.7507869293571,27455.11063229246,406.92000312937415,0.03283673579067775,65.26556181998062,45.30497869982826
100.5,27588.74321196241,391.8847210253101,27619.57635758009,490.58991253682774,27593.08791453561,408.2477853971597,,,
101.0,27726.9588756723,392.6804932241398,27758.15349914037,492.4076910581952,27731.05317103133,409.5531396696407,,,
101.5,27865.16720963676,393.45224372238397,27896.729644493953,494.19741826455413,27869.014629561443,410.8293617179118,,,
102.0,28003.367890223995,394.20103805002515,28035.303402647856,495.9615622529614,28061.89438910204,358.362241680621,0.011446308514453734,22.750426861026053,46.54810439389816
102.5,28141.56059613352,394.92791852775406,28173.86564938794,497.6991631833345,28200.272140623212,358.9727169411297,,,
103.0,28279.745008493996,395.63390185405177,28312.41347969218,499.410678344307,28338.63408539911,359.5530011141011,,,
103.5,28417.920810960386,396.31997689134437,28450.954869601122,501.10160451086983,28476.988199470274,360.1085909745263,,,
104.0,28556.087689810312,396.98710265952235,28589.48659478528,502.77930303834637,28615.126305111942,360.8204441344117,0.022307647451346096,44.33818126975621,46.316007869048846
104.5,28694.245334039613,397.6362065441349,28728.00888024387,504.4527610769882,28753.456920363213,361.3523035079999,,,
105.0,28832.39343545708,398.26818272555363,28866.52546490943,506.12329095320155,28891.780439226943,361.87713894950423,,,
105.5,28970.53168877835,398.8838908343601,29005.034321115552,507.7925704661883,29030.09483403671,362.3966282581266,,,
106.0,29108.659791718866,399.4841548371466,29143.535941735805,509.4611570069315,29153.636760270794,374.14992028660697,0.02426386323637116,48.226312022601064,44.799014089997655
106.5,29246.777445085994,400.0697621558387,29282.02588569321,511.1292756563559,29291.814175012776,374.78443535033705,,,
107.0,29384.88435287013,400.6414630225546,29420.498913136835,512.7942451022333,29429.97289770539,375.4123096381069,,,
107.5,29522.980222334878,401.1999700709147,29558.950311148183,514.4600344073118,29568.108215430126,376.0375122126647,,,
108.0,29661.064764106228,401.7459581636095,29697.38957808432,516.126876520626,29712.918379350605,372.008544396365,0.019286273487691626,38.33296593826907,42.2143863111907
108.5,29799.13769226069,402.2800644549344,29835.825467385755,517.7880319916062,29851.086448125472,372.57135997670605,,,
109.0,29937.198724412403,402.8028886859015,29974.249646769087,519.4471569571235,29989.241203031997,373.128409030347,,,
109.5,30075.24758179913,403.31499370845967,30112.652316242977,521.0939436354671,30127.37284407884,373.6693837755768,,,
110.0,30213.283989367188,403.81690623428534,30251.0347231693,522.7274815049697,30284.199292983474,362.18149665696035,0.015314796748852274,30.439347575358557,38.78918914185772
110.5,30351.30767585524,404.30911780256434,30389.40432301874,524.3580434872056,30422.43855777952,362.56947371215944,,,
111.0,30489.318373876908,404.79208596016656,30527.763648852408,525.9810029525418,30560.66642307602,362.9454952125593,,,
111.5,30627.315820002223,405.26623564662924,30666.11441807147,527.5964830914966,30698.884606274154,363.3096843486782,,,
112.0,30765.29975483787,405.73196077541365,30804.44885923596,529.1963623083464,30765.441685668564,406.43660582445443,0.029216854926019414,58.070767554821195,34.741702010159834
112.5,30903.269923106214,406.18962600198796,30942.759822451724,530.7865535463719,30903.07087726884,407.2210625663297,,,
113.0,31041.226073723043,406.63956866842284,31081.057163317244,532.380064714221,31040.683496646587,408.0066345303561,,,
113.5,31179.167959874056,407.0821009133651,31219.35424971814,533.9682360869042,31178.292911687422,408.7846619915441,,,
114.0,31317.09533909005,407.5175119354875,31357.652900044144,535.5506202834023,31301.45536291954,417.6288173945789,0.01783035376300829,35.43921244821523,30.26453867343296
114.5,31455.00797332077,407.9460703977991,31495.949603339875,537.1372085868942,31438.94895862307,418.4854190944919,,,
115.0,31592.905629007433,408.3680269595439,31634.234265169936,538.7276361730472,31576.4271966629,419.3440516789981,,,
115.5,31730.788077153862,408.78361692182386,31772.495405038295,540.3170753259114,31713.878596542996,420.19988743214736,,,
116.0,31868.655093396246,409.19306297254786,31910.737137303215,541.9058762913457,31837.499181194577,428.3430898697624,0.01558972901037037,30.98579679079825,25.51264553887946
116.5,32006.506458071482,409.596578015847,32048.966122682355,543.4930232844933,31974.80780317738,429.268360800496,,,
117.0,32144.341956284083,409.9943680706979,32187.18111038854,545.0829384349371,32112.098762961235,430.19494148375065,,,
117.5,32282.161377971635,410.3866352231701,32325.38103900336,546.6762611136866,32249.370999127725,431.12347129053575,,,
118.0,32419.9645179688,410.7735806164581,32463.573561508565,548.2636648901299,32386.109188337316,432.309134504949,0.010957003873920335,21.7778958984752,20.598612140448438
118.5,32557.7511760698,411.1554074626754,32601.760563591335,549.8500483990535,32523.357259116776,433.23050846512535,,,
119.0,32695.521157089395,411.53232406028076,32739.931187583523,551.4426387006579,32660.585274182053,434.156643257538,,,
119.5,32833.27427092235,411.9045468009688,32878.083431667554,553.0425499251659,32797.79123171557,435.0886530124102,,,
120.0,32971.010332601334,412.2723031498972,33016.22355226799,554.6511080255041,32878.28060374024,464.1410786471423,0.018761573740700484,37.29008445356618,15.59633533447736
120.5,33108.72916235327,412.63583458323626,33154.35106561811,556.2623554491327,33015.03416643313,465.365461031142,,,
121.0,33246.4305856541,412.9953994672102,33292.462343360545,557.8736158485656,33151.76641071189,466.5897111910616,,,
121.5,33384.11443328194,413.3512758630602,33430.55889315287,559.4894576724263,33288.47884423408,467.8183975755248,,,
122.0,33521.7805413686,413.7037642426884,33568.640073695846,561.1120158854482,33442.639682505986,460.3218756778483,0.0033631284190169964,6.684478845251173,10.55230411114315
122.5,33659.42875144956,414.05319010014074,33706.69945048455,562.7364465971443,33579.43298209546,461.4714170025408,,,
123.0,33797.058910512176,414.39990644455725,33844.733575613456,564.3615511974934,33716.19637398666,462.6210878594081,,,
123.5,33934.670871042355,414.7442961607496,33982.74256706976,565.9870208412739,33852.929976166786,463.7705794032287,,,
124.0,34072.26449106942,415.086774224165,34120.733856860796,567.6134324537968,34001.01349333376,458.9119181558498,0.0017741752802700969,3.5263111160647886,5.502005733057941
124.5,34209.839634209406,415.4277897576539,34258.71191118339,569.239718994534,34137.78923619629,460.0012615308548,,,
125.0,34347.39616970658,415.7678279181758,34396.677331108905,570.8671827497727,34274.54796064272,461.0909644369828,,,
125.5,34484.933972473285,416.10741160234846,34534.62992512327,572.5050904139094,34411.28947515897,462.19029356863024,,,
126.0,34622.452923128025,416.4471029605696,34672.5708724572,574.1589912129236,34555.65651942487,458.827500685651,-0.00013081599969766086,-0.26000695592081663,0.487633246523635
126.5,34759.95290803184,416.78750471031026,34810.49687463502,575.8270541767275,34692.41713959128,459.91082396858,,,
127.0,34897.433819322934,417.1292612400932,34948.40210925126,577.5038921070696,34829.152785784216,461.00190076178035,,,
127.5,35034.89555494951,417.4730594966251,35086.29053611465,579.1807381699324,34965.86741781239,462.09196423123456,,,
128.0,35172.33801870086,417.81962964853926,35224.16070722102,580.8610992542116,35109.20398850375,458.6460889476515,-0.002472900165475977,-4.915081074237968,-4.42721538804496
128.5,35309.76112023668,418.1697455212262,35362.006325289825,582.5562609942107,35245.91378113425,459.7072974183662,,,
129.0,35447.1647751146,418.52422479827914,35499.82962814956,584.2619866877882,35382.59720072689,460.77784108392893,,,
129.5,35584.54890481586,418.8839289861454,35637.63011674031,585.9755371707673,35519.253748221745,461.8549807801628,,,
130.0,35721.91343676928,419.249763139665,35775.406391350436,587.69793397953,35649.265808441676,468.49729186183475,-0.0018737321995002157,-3.7241882226091243,-9.149582188477996
130.5,35859.25830437334,419.62267534727215,35913.17022349686,589.4322631294178,35785.83265166147,469.6480539232508,,,
131.0,35996.583447016455,420.0036559757419,36050.92579001251,591.1877882222067,35922.3870311411,470.8190381438238,,,
131.5,36133.88881009549,420.3937366754703,36188.661234861196,592.9535315697204,36058.91709084439,471.99926683537745,,,
132.0,36271.174345032305,420.7939891483814,36326.37463980757,594.7257637198301,36212.375637422454,454.5033491737589,-0.010142150803686172,-20.158312156394878,-13.558036919384607
132.5,36408.44000928866,421.2055236816503,36464.06398559976,596.5184287652322,36348.961907524026,455.5225104651726,,,
133.0,36545.68576637907,421.6294874515154,36601.72531426267,598.3308725120104,36485.516294343826,456.55961644488156,,,
133.5,36682.91158588201,422.0670626025195,36739.364160283854,600.157370614133,36622.04433236938,457.60894276685417,,,
134.0,36820.11744344909,422.5194641085636,36876.98049721176,601.9983293516754,36792.43273642374,404.63841268666135,-0.020510142117047526,-40.76549985997024,-17.51208368094523
134.5,36957.303320812556,422.9879374231731,37014.56967171159,603.8590603453067,36929.11041501774,405.17995937984557,,,
135.0,37094.469205790796,423.4737559273632,37152.13536775031,605.7447309546135,37065.76132341892,405.74211805957594,,,
135.5,37231.615092292086,423.9782181844382,37289.6864598223,607.65488203824,37202.39433612167,406.3244295844966,,,
136.0,37368.74098031643,424.5026450119696,37427.220511208965,609.5841926568168,37339.89988689965,404.41749484950446,-0.01145548546656268,-22.76866676583887,-20.867086997977662
136.5,37505.84687595555,425.04837638206135,37564.73734452056,611.5350383596226,37476.49670087678,405.006894450864,,,
137.0,37642.932791391046,425.6167681618291,37702.245652241385,613.5203120572245,37613.08170754715,405.62627876261377,,,
137.5,37779.9987448907,426.20918870678224,37839.74399782496,615.5453978591064,37749.653470364276,406.28103189423757,,,
138.0,37917.04476080286,426.827015320509,37977.22742732791,617.6071527002196,37888.14921415067,379.6040052556431,-0.018314237691282383,-36.40096932428796,-23.48949510828243
138.5,38054.0708695491,427.47163059471427,38114.696044139826,619.7065077200544,38024.67949012604,380.05130730518636,,,
139.0,38191.07710761486,428.1444186442482,38252.14204608877,621.8448337894969,38161.183794065866,380.5318717672559,,,
139.5,38328.06351753842,428.84676125229026,38389.56351619073,624.0205212329025,38297.66020898616,381.04408896620765,,,
140.0,38465.03014789789,429.58003394130975,38526.96703465573,626.235544555403,38434.169050729004,381.8294184183601,-0.014096380542390638,-28.017650767484497,-25.266093447133407
140.5,38601.97705329642,430.345601985814,38664.352355133284,628.4897285185813,38570.60314331992,382.41110496958044,,,
141.0,38738.904294345586,431.14481638321524,38801.71929530471,630.7814474533601,38707.01550070876,383.0246289431041,,,
141.5,38875.81193764691,431.97900979939254,38939.07078501348,633.1169385491296,38843.409052738985,383.67622752832125,,,
142.0,39012.70005577158,432.8494925057015,39076.4043012929,635.4944695306045,38967.869354817005,362.7758935750406,-0.019527400255924813,-38.81222411115491,-26.10171211628487
142.5,39149.56872723834,433.7575483242823,39213.71683983249,637.9114463463956,39104.1196801385,363.2817339938119,,,
143.0,39286.418036489566,434.7044305985442,39351.00610990875,640.3720919125925,39240.34301989046,363.8245438649982,,,
143.5,39423.24807386558,435.69135820565486,39488.27235221855,642.8827090529107,39376.53961476977,364.410626012315,,,
144.0,39560.058935577064,436.7195116277405,39625.52509934248,645.4431572253407,39507.72796635251,359.6861172342771,-0.016520587558175107,-32.83595042618655,-25.902435013664565
144.5,39696.85072367583,437.7900290983051,39762.76870811858,648.0486876560925,39643.8564474983,360.300030965507,,,
145.0,39833.62354602368,438.90400284010786,39899.997202480066,650.7060644979852,39779.965963062816,360.9588424924388,,,
145.5,39970.37751625956,440.06247541039505,40037.207717927326,653.4113340030176,39916.05364854644,361.65859806707135,,,
146.0,40107.11275376497,441.2664361689718,40174.40428768027,656.1657106033449,40055.92353025719,365.0914582672896,-0.014066196350580845,-27.957657342769384,-24.545613657226944
146.5,40243.82938362758,442.51681788411673,40311.58505667184,658.9773152726561,40192.00158365592,365.91075773054274,,,
147.0,40380.5275366031,443.81449349079696,40448.746314057615,661.8446384450699,40328.056369300255,366.7789531449288,,,
147.5,40517.207349075514,445.16027301502794,40585.891474713775,664.7701284051097,40464.091302066394,367.6984927949712,,,
148.0,40653.86896301548,446.55490067755096,40723.019207937425,667.7521578398205,40556.23183204913,347.47977734492594,-0.019176959824271006,-38.11569654513492,-21.843038879082407
148.5,40790.512525937105,447.9990521892693,40860.125541304515,670.7878235226231,40691.90810178275,348.2808850396533,,,
149.0,40927.13819085303,449.4933322500981,40997.21626746801,673.8804846992015,40827.563964118825,349.1311632825779,,,
149.5,41063.74611622779,451.0382722620443,41134.2898813346,677.0200523425127,40963.197913964046,350.0205230466569,,,
150.0,41200.33646592955,452.63432826644726,41271.34647577115,680.2027180585654,41131.93326664597,362.2107458320711,-0.00837984287659884,-16.655588326159187,-17.508202282992627
150.5,41336.90940918019,454.2818791143796,41408.38674808084,683.4466267717538,41267.755277785014,363.30420713943795,,,
151.0,41473.46512050379,455.9812248782379,41545.406413405915,686.7478852808955,41403.55264174809,364.4477334305131,,,
151.5,41610.003779673425,457.732585511547,41682.41048656028,690.1072368061692,41539.3303733491,365.6420679254752,,,
152.0,41746.52557165641,459.5360997629617,41819.40314072922,693.5312113485278,41606.94507659576,351.5614240655487,-0.013758374435123621,-27.34583738658111,-11.141244213632792
152.5,41883.030686558,461.3918243493903,41956.38111140396,697.0159052755843,41742.221524549015,352.70650885502147,,,
153.0,42019.51931956342,463.2997333920713,42093.34617054844,700.5658249684375,41877.47950414429,353.9087793348464,,,
153.5,42155.99167087846,465.25971811833824,42230.3008299876,704.1781169492579,42012.721527206544,355.1653820271937,,,
154.0,42292.44794566845,467.27158683068603,42367.235546905904,707.8478638744879,42097.261758005945,348.4589689131759,-0.008279131970461616,-16.455417581041722,-2.2446825250594604
154.5,42428.888353995804,469.33506514363154,42504.148072110256,711.5746455187056,42232.10783397839,349.7284143800894,,,
155.0,42565.31311075601,471.4497964877357,42641.045084449855,715.3542449772938,42366.931739035856,351.0422298066895,,,
155.5,42701.722435612166,473.6153428790296,42777.928685098756,719.1850081978781,42501.73557435238,352.3987611406018,,,
156.0,42838.116552928084,475.8311859509732,42914.79504675925,723.0742441087715,42708.793724604904,361.4203959008243,0.004916012808247224,9.770957134404421,9.721319541180378
156.5,42974.49569169995,478.0967282449699,43051.64543332905,727.0212432163307,42844.03414588007,362.9609978649039,,,
157.0,43110.86008548654,480.4112947543765,43188.48346966624,731.0168969685213,42979.257097608606,364.5422177595237,,,
157.5,43247.20997233812,482.77413471588255,43325.30300314348,735.0609298483495,43114.4564271632,366.16378006769,,,
158.0,43383.54559472387,485.18442364109717,43462.10115223356,739.1623448727258,43370.27773408149,374.54728721495064,0.01605466043303034,31.909884090495083,25.243313961860814
158.5,43519.86719945811,487.64126558017534,43598.88481067569,743.3306059644488,43506.22914068343,376.36052419116146,,,
159.0,43656.17503762504,490.143695608346,43735.66189113535,747.5557791776355,43642.17137321808,378.22306184233184,,,
159.5,43792.469364502314,492.690682525275,43872.43702511876,751.8301755614311,43778.10906319165,380.1272112176067,,,
160.0,43928.75043948323,495.2811317563104,44009.20055363289,756.1596416952291,43930.24246916606,382.40475438905696,0.021334522473702253,42.40401982350758,44.62795291470127
160.5,44065.01852599776,497.9138884438203,44145.942487212575,760.5462926804138,44066.248179965376,384.4117082752764,,,
161.0,44201.27389143229,500.58774071604876,44282.66924654108,764.9840365405354,44202.23645502763,386.462176536417,,,
161.5,44337.51680704815,503.3014231201845,44419.386231954355,769.4676951408583,44338.21269468878,388.55098103774316,,,
162.0,44473.74754789902,506.05362020566645,44556.09196894065,773.9992296017155,44593.94299552848,391.12297040286745,0.0410126515801555,81.51582922763825,67.86412975613932
162.5,44609.96639274715,508.8429702431396,44692.788339065984,778.5797034883176,44730.67724594477,393.3186077367265,,,
163.0,44746.173623978386,511.66806906392924,44829.47911986463,783.2036037406734,44867.40610301846,395.550261330883,,,
163.5,44882.369527516224,514.5274740044225,44966.164429001445,787.8625870197321,45004.12968441442,397.809587846286,,,
164.0,45018.55439273467,517.4197079393348,45102.844704717565,792.5535545478111,45059.12772791244,399.7581821668616,0.04128489907280694,82.0569422565107,94.50137422904233
164.5,45154.72851237014,520.3432633875007,45239.51808558233,797.2792472864829,45195.304947131626,402.0505587193943,,,
165.0,45290.89218243221,523.2966066735572,45376.18689961732,802.042364946938,45331.47611359654,404.3728253212258,,,
165.5,45427.04570211353,526.2781821286968,45512.84593410726,806.8374956066198,45467.63601459189,406.7195700497991,,,
166.0,45563.18937369865,529.2864163135421,45649.49297409759,811.6615096038566,45585.87132317176,408.5741720500514,0.058764415706028125,116.79883867036646,123.57468888875961
166.5,45699.32350247194,532.3197222461504,45786.13478910149,816.5165003396372,45721.89293513669,410.9570275752745,,,
167.0,45835.4483966246,535.376503618184,45922.76790867789,821.4030346547402,45857.90399150465,413.36384391698897,,,
167.5,45971.5643671608,538.4551589823819,46059.39416732167,826.3186180236827,45993.90632677052,415.79212654971184,,,
168.0,46107.67172780291,541.5540858946498,46196.01075926488,831.2611008918465,46120.46675772663,417.2509364538895,0.07358964016451822,146.2651233083592,153.6020074539676
168.5,46243.77079489597,544.6716849943289,46332.619324387815,836.229623852866,46256.38441415954,419.70543680818304,,,
169.0,46379.861887311316,547.8063640065309,46469.22395011972,841.2323746139887,46392.29606753952,422.186526447313,,,
169.5,46515.94532634944,550.9565416508159,46605.8216686254,846.2700106981752,46528.19875003139,424.69486289423986,,,
170.0,46652.02143564214,554.12065144095,46742.413824215604,851.3341561643451,46668.82835561576,428.6889424010964,0.08966161052958092,178.20941223270742,182.66962453455315
170.5,46788.09054105391,557.2971453610091,46878.995240179735,856.4145814026643,46804.74355728283,431.23976315808636,,,
171.0,46924.152970582705,560.4844974036859,47015.560911875174,861.5040477145589,46940.64105995416,433.79205379717183,,,
171.5,47060.20905426001,563.6812069573098,47152.11389093626,866.6059892836003,47076.52391526409,436.34924850192454,,,
172.0,47196.259124050324,566.8858020288043,47288.659920036735,871.722700659342,47219.16926485536,446.2888571731771,0.10403138068243831,206.770446076896,208.60491336850842
172.5,47332.303513750034,570.096842290568,47425.206884967956,876.8514585160524,47355.0947819797,448.92812122049173,,,
173.0,47468.34255888573,573.312921940093,47561.752327069655,881.9851311599978,47491.01700769982,451.56503255025547,,,
173.5,47604.37659661202,576.5326723619941,47698.29083809454,887.1239580869176,47626.93053376841,454.199830658208,,,
174.0,47740.40596560881,579.7547645830408,47834.82474525052,892.2641355491849,47763.40356404045,451.9646800827276,0.11045242292475117,219.53276606161725,229.2175936915306
174.5,47876.43100597815,582.9779115117332,47971.35315591227,897.402426477921,47899.30260524442,454.539859673887,,,
175.0,48012.45205914063,586.200869954951,48107.873747217796,902.5428563693763,48035.19204524776,457.109723936305,,,
175.5,48148.46946773138,589.4224424052292,48244.38974553888,907.6815575644761,48171.07511042225,459.67040521090695,,,
176.0,48284.4835754957,592.6414785932546,48380.904940495515,912.814593811164,48281.59338122443,499.66304363044674,0.12440402062349058,247.2626496864409,242.57480379986472
176.5,48420.49472718436,595.856876801256,48517.41131137576,917.9443548637523,48417.32618769905,502.53240928672176,,,
177.0,48556.50326844858,599.0675849340369,48653.9013471167,923.0721329385415,48553.04050814425,505.39370063503543,,,
177.5,48692.50954573473,602.2726013455108,48790.379643939035,928.2047226318657,48688.74093878074,508.2537122717222,,,
178.0,48828.513906178814,605.4709754196982,48926.851420702995,933.3455144500668,48806.45541759768,528.6166725493422,0.12396590661045899,246.3918640704775,247.26522656609663
178.5,48964.516697500745,608.6618079062594,49063.31848913845,938.4882845248545,48942.03362910325,531.6262501630804,,,
179.0,49100.51826789837,611.8442510117443,49199.783734378136,943.6344557699035,49077.60755231026,534.6337469585935,,,
179.5,49236.51896594147,615.0175082488422,49336.25259026446,948.7825606809179,49213.18262106112,537.6376954315858,,,
180.0,49372.519140465534,618.1808340470012,49472.72430771676,953.9330973592747,49413.236559843754,491.92109376448445,0.11090046317123857,220.42328083724436,242.60629921573118
180.5,49508.519140465534,621.3335331288642,49609.19306565996,959.0859003397039,49549.20669798063,494.5067472204772,,,
181.0,49644.5193149896,624.4749596580135,49745.66236860801,964.2338568078349,49685.17613911147,497.08044610508637,,,
181.5,49780.5200130327,627.6045161645433,49882.13921094341,969.3707029628767,49821.151877618744,499.6359266175212,,,
182.0,49916.52158343033,630.7216522559733,50018.61645094688,974.490454241627,49902.175710762895,535.743409333432,0.11692843672667474,232.40434628904296,228.75688614246488
182.5,50052.524374752255,633.8258631219705,50155.086581228126,979.6077763397941,50037.78898341608,538.5422922888899,,,
183.0,50188.52873519635,636.9166878422706,50291.54910286205,984.7265483392727,50173.39229563124,541.3365904004136,,,
183.5,50324.5350124825,639.993707508056,50428.010268992184,989.833578275267,50308.99190055189,544.1131117032072,,,
184.0,50460.54355374671,643.0565431678851,50564.47130344818,994.9329379472675,50425.730965533294,556.6014546356397,0.10390215969472556,206.51360933113156,206.71419387546138
184.5,50596.55470543537,646.1048536100324,50700.93096330628,1000.0227244152935,50561.1993600464,559.4272762667316,,,
185.0,50732.56881319969,649.1383329938249,50837.39366075985,1005.1008928200372,50696.66803894804,562.2357446841991,,,
185.5,50868.586221790436,652.1567083432233,50973.854290033734,1010.1757127358042,50832.13189646305,565.0351294623478,,,
186.0,51004.60727495291,655.1597369164942,51110.30810034126,1015.2437088006986,50974.85360228976,564.7127518346501,0.08704388845984283,173.00648637981183,178.19465496506731
186.5,51140.632315322255,658.1472034663606,51246.75799077711,1020.2992919625295,51110.35107753257,567.4568457537638,,,
187.0,51276.66168431905,661.1189174054861,51383.21633783816,1025.3449464081611,51245.854420071664,570.1851836243704,,,
187.5,51412.69572204534,664.074709892558,51519.689503893824,1030.3766428540284,51381.36999227644,572.8937361629048,,,
188.0,51548.73476718104,667.0144308545597,51656.17349360861,1035.3890360992707,51482.57911215915,587.5076775648844,0.07778236375588338,154.5984869682154,145.4193931962941
188.5,51684.779156880744,669.9379459610917,51792.6712400113,1040.3825014047234,51617.86967404502,590.2585238367806,,,
189.0,51820.829226671056,672.8451335667869,51929.18543873784,1045.3650233648361,51753.17327679823,592.9929396463413,,,
189.5,51956.885310348356,675.7358816379832,52065.71082507874,1050.3441540712226,51888.484655709304,595.7184770851799,,,
190.0,52092.94773987715,678.6100846798574,52202.24782189874,1055.3146814545216,52030.99822713909,596.4306651572131,0.054822155198595346,108.96328983571746,110.84117144437602
190.5,52229.01684528892,681.4676406801951,52338.79226498187,1060.2754385774647,52166.37508634136,599.1117484921209,,,
191.0,52365.09295458162,684.3084480858616,52475.339193551,1065.226388074113,52301.75120262702,601.7774820756613,,,
191.5,52501.176393619746,687.1324028278649,52611.90390102442,1070.1597204827801,52437.14186941436,604.4200564461481,,,
192.0,52637.267486035096,689.9393954106441,52748.48361995535,1075.0777042242196,52593.5609918785,602.5596493681193,0.034418903223206496,68.41024243121788,76.85809902683562
192.5,52773.36655312816,692.7293080809004,52885.06805472451,1079.986182229529,52729.126593935456,605.1332529840679,,,
193.0,52909.47391377027,695.5020120908863,53021.66227732871,1084.882527609868,52864.699322338805,607.689063041233,,,
193.5,53045.589884306464,698.2573650706166,53158.26809501593,1089.7639813924832,53000.28098433654,610.2243205668616,,,
194.0,53181.71477845913,700.9952085229288,53294.883194189555,1094.634648894609,53162.677698748856,608.5483860569695,0.01585545599633115,31.513949806372473,45.55851475532503
194.5,53317.848907232416,703.7153654547348,53431.50116303663,1099.499285323551,53298.48001113831,611.0254189954085,,,
195.0,53453.99257881753,706.4176381571524,53568.12293402023,1104.356153095431,53434.284226633885,613.4889150506822,,,
195.5,53590.14609849885,709.1018061464928,53704.74700729321,1109.2058370286927,53570.08884538842,615.9394590412344,,,
196.0,53726.30976856092,711.7676242773176,53841.37749831745,1114.0436448933986,53726.819319790746,616.1056041327531,0.002150704667660255,4.274692507150817,18.532240127699467
196.5,53862.48388819638,714.4148210379603,53978.01694173002,1118.8655042377866,53862.807837463886,618.500999541294,,,
197.0,53998.66875341484,717.0430970380437,54114.653378725714,1123.674686926094,53998.79207229406,620.8778937421332,,,
197.5,54134.86465695267,719.6521236966157,54251.29232641694,1128.4705302568948,54134.777541393676,623.2356240338443,,,
198.0,54271.0718881839,722.2415421385792,54387.94469825577,1133.249700458698,54263.51292129073,626.0768587885934,0.0006136259713198956,1.2196292597662521,-3.2315010990663415
198.5,54407.290733032016,724.8109623061056,54524.615427582045,1138.015059428373,54399.46615852467,628.3958861076161,,,
199.0,54543.521473882894,727.3599622907079,54661.301930920985,1142.774551336976,54535.43366918188,630.7032343445936,,,
199.5,54679.764389498756,729.8880878906107,54797.998583448076,1147.5239758176074,54671.40982843785,632.9947031326266,,,
200.0,54816.01975493328,732.3948523969851,54934.71171380077,1152.2586641376922,54818.076270703066,634.8211135317711,-0.015886230562654684,-31.57511664627018,-19.356104747311
