gravity_noise_std,magnetic_noise_std_nt,update_period_s,runs,terminal_median_m,terminal_p95_m,terminal_max_m,rmse_median_m,rmse_p95_m,success_probability,alert_limit_exceedance_probability,requirement_met,burden_score
4.0,4.0,2.0,8,70.80148850223333,129.07219649158037,137.01117916710643,91.16325921444091,110.10329050083818,1.0,0.0,True,1.0
2.0,4.0,2.0,8,59.69420141025371,114.63530481735118,121.13917427788257,77.3395935314739,92.93075628767983,1.0,0.0,True,1.25
4.0,8.0,1.0,8,82.21836762035315,182.2458939290157,214.09436646776803,91.58572826711055,124.44760721845866,0.875,0.0,True,1.375
4.0,4.0,1.0,8,66.67639123884109,149.20405391175697,173.85381614327162,62.045503869240974,91.29559815006054,0.875,0.0,True,1.5
2.0,16.0,1.0,8,67.26458333497834,136.71627374611614,144.24524200704096,98.68115530241074,148.33760302631813,1.0,0.0,True,1.5625
1.0,16.0,2.0,8,67.8151033210458,217.58236050154926,258.94665206841506,92.39330293107116,121.30716759043662,0.875,0.0,True,1.5625
2.0,8.0,1.0,8,54.33624228797906,121.40090565895323,137.81923904803617,75.18423289346876,101.37901443523575,1.0,0.0,True,1.625
1.0,8.0,2.0,8,61.9943145780993,174.6475195257286,201.46950573168866,83.611887295938,106.34705136123308,0.875,0.0,True,1.625
2.0,4.0,1.0,8,48.59692330935331,93.9815127450101,111.97553704171975,55.49564399231757,68.67677516291302,1.0,0.0,True,1.75
1.0,4.0,2.0,8,46.0129319621672,101.36517306798109,103.02113764265904,63.298934938276744,77.19932054509262,1.0,0.0,True,1.75
1.0,16.0,1.0,8,60.6949620709334,81.88069431972248,84.92261004914288,78.30822569633128,116.18001762198953,1.0,0.0,True,2.0625
1.0,8.0,1.0,8,38.65374835483907,77.4736917387727,85.06281812726279,65.24773656228976,89.68274872427104,1.0,0.0,True,2.125
1.0,4.0,1.0,8,26.091986677105755,65.03952411253447,76.88992850820915,46.29481203728726,54.53113671477226,1.0,0.0,True,2.25
4.0,16.0,2.0,8,158.06555641393396,334.3401852150105,384.68154474732387,160.69370417857562,230.95257050597536,0.5,0.125,False,0.8125
4.0,8.0,2.0,8,123.80867515915548,196.47456958319415,202.0750195170014,121.79935304120639,159.7712222991601,0.625,0.0,False,0.875
2.0,16.0,2.0,8,97.03925965555484,296.2537457770891,357.66851458004277,125.1885377476998,175.62752907451284,0.75,0.125,False,1.0625
2.0,8.0,2.0,8,80.95053634180167,189.38214485194948,205.9027056046202,102.30597994169214,134.98532247700567,0.75,0.0,False,1.125
4.0,16.0,1.0,8,88.49075397576377,231.56989130528623,255.80943967291904,120.38860923736533,183.43831209064638,0.75,0.0,False,1.3125
