gravity_noise_std,magnetic_noise_std_nt,update_period_s,terminal_mean_m,rmse_mean_m,terminal_improvement_mean_pct
1.0,8.0,1.0,13.945568079638093,65.59244507167037,99.64394245705085
1.0,4.0,1.0,19.80290886568722,46.27969390426023,99.43023363407754
2.0,16.0,1.0,28.54546311954691,95.43677886178553,99.26027865933933
1.0,16.0,1.0,29.793991818001867,75.99084827620015,99.35166236241366
1.0,16.0,0.5,32.134084692162695,58.7811016689328,98.75358575987359
2.0,4.0,2.0,33.66900250092056,71.57138641573552,99.34096870928971
2.0,4.0,1.0,34.275034288129724,52.78061747229888,99.1241325720696
1.0,4.0,2.0,35.449605172651125,62.35338844255193,99.1293547693205
2.0,8.0,1.0,36.24986988930333,73.78926506599353,99.05107065939363
1.0,4.0,0.5,36.578336056321454,31.19566528452005,99.06435583673844
1.0,8.0,0.5,37.70795038152982,43.05215248433317,98.89091187506268
1.0,32.0,0.5,38.85145516488648,68.09075653896787,98.49903661343451
1.0,8.0,5.0,40.43214526386699,88.19562333486203,98.95518214045113
1.0,4.0,5.0,43.808890752002846,75.2878151359911,98.72706756427904
2.0,32.0,1.0,44.608012541643575,102.29767852698164,99.2272588859375
4.0,4.0,2.0,46.902986131686355,79.84336619793358,98.4798418208325
1.0,32.0,1.0,49.04265731767152,76.0307709670101,98.92175872330654
2.0,32.0,0.5,49.6276927038953,82.1713000787585,98.12606623000052
4.0,4.0,1.0,53.973721770455576,62.84249345289029,98.6411962620462
1.0,16.0,5.0,55.05348769748397,99.67654250687843,98.24762854381153
2.0,4.0,0.5,55.408569659429354,39.985670954913935,98.45619832233437
4.0,8.0,2.0,56.43896859544254,117.16751344079314,98.49182853238422
2.0,8.0,5.0,56.969670094942664,111.83716591627234,98.64187455567644
1.0,8.0,2.0,57.521617967517216,84.10074437272486,98.12379382133656
2.0,16.0,0.5,58.62993848684412,67.54156229707537,98.23447878928692
2.0,8.0,0.5,61.225063977224124,50.58758970604827,98.34362556436844
2.0,8.0,2.0,61.36623729994832,103.40671493240485,98.14802279244851
1.0,32.0,2.0,62.17022069352669,97.97079928323892,97.96566356978082
8.0,4.0,2.0,62.52214260162953,85.20275163573177,97.32180338744281
2.0,4.0,5.0,62.934015738896534,92.52723358694628,98.35443360863735
1.0,16.0,2.0,64.79828883553927,95.53972622600675,97.79096966394627
1.0,32.0,5.0,65.02837368379903,108.69690142313014,97.86112365055386
4.0,8.0,1.0,67.21312580608812,84.20728670060772,98.14530752157424
4.0,32.0,1.0,68.77041848088145,142.23889659744663,97.92338297840679
8.0,8.0,2.0,70.18110537961647,124.64697590634859,97.46355428256118
2.0,16.0,5.0,73.65865655391757,132.8202618670924,97.58003444831672
4.0,16.0,1.0,74.63372612360024,116.92710476535827,97.75113803286763
4.0,4.0,0.5,76.41484023969007,53.30990356364935,97.67961343626189
8.0,4.0,1.0,78.41411319326106,74.71254542865364,97.71864903458452
8.0,4.0,0.5,84.95956452825429,66.94628968268482,97.30706623851904
2.0,16.0,2.0,87.90568234992115,131.22489934005344,96.83301031446142
4.0,4.0,5.0,88.74010846003569,109.80096911649753,97.54423645407941
4.0,8.0,5.0,91.57818908462396,141.87541036358883,97.30968210013646
2.0,32.0,2.0,92.80107723753979,140.75115368828634,96.54866211133123
2.0,32.0,5.0,94.51976529993568,149.24552243421934,96.65439928214865
4.0,16.0,5.0,97.05229235745271,173.5709562287088,96.87871975562392
4.0,8.0,0.5,97.06602016272997,66.35342648423175,97.23307106898761
4.0,16.0,2.0,105.3789549092004,166.58780124304616,96.24253386692033
8.0,16.0,2.0,105.90628135998452,186.4571911294606,96.47641486413086
4.0,16.0,0.5,107.06102014967307,86.8421297873071,97.06846884635092
4.0,32.0,0.5,108.50068703186336,112.28556408286185,96.85336216070353
8.0,8.0,1.0,109.27853538150703,98.73795230771718,96.61933772809168
8.0,4.0,5.0,116.75471293867592,122.96392205992065,96.33747327937118
8.0,8.0,0.5,131.521107219523,87.34386360337548,96.06517114294978
8.0,16.0,1.0,131.63790463107293,137.66280443841674,95.93727453373766
4.0,32.0,5.0,134.51944954421495,204.0805812370953,95.0727421984253
8.0,16.0,5.0,139.21679914177517,223.04450461617523,95.19075932899126
4.0,32.0,2.0,140.68781702588157,202.1140143039884,94.3637055725352
8.0,8.0,5.0,149.64307865771852,171.87049919137567,95.00474298759707
8.0,32.0,1.0,151.90775604396518,190.78063984256607,95.41161519554204
8.0,16.0,0.5,160.56504398745298,116.01338262137834,95.5218648090666
8.0,32.0,5.0,174.8976235421638,273.779505034707,93.97122146931474
8.0,32.0,2.0,183.6115625264617,260.14316987522665,92.75155743389455
8.0,32.0,0.5,187.20366870772173,157.70000476976833,94.96478474740174
